,Parcel ID,Description,Location,Assessed Value,Total Parcel Acres
0,     FR138,47.1 AC & SHED,138 FERRY RD,352400,47.1
1,     WS222,1.64 AC DWL,222 WEST SHORE RD,189800,1.64
2,     DL025,3.84 AC & DWL,25 DUBUQUE LN,371800,3.84
3,     CM118,UNIT 6; 1ST FLOOR EAST (CATER),,552800,0.0
4,     FR033,1.64 AC & MH,33 FERRY RD,288300,1.64
5,     LH034,5.09 AC & DWL,34 LIGHTHOUSE RD,334800,5.09
6,     SD034,0.71 AC (100' LF) & COTTAGE,34 SUNRISE DR,499700,0.71
7,     SD036,0.58 AC (131' LF) & DWL,36 SUNRISE DR,483300,0.58
8,     SB041,0.25 AC (75' LF) & COTTAGE,41 SUNSET BEACH RD,380600,0.25
9,     LL070,212.0 AC (2580' LF) & COTTAGE,70 LOMBARD LN,1793700,212.0
10,     NR067,2.11 AC (200' LF),67 NARROWS RD,95500,2.11
11,     NR043,1.17 AC (235' LF) & COTTAGE,43 NARROWS RD,493300,1.17
12,     NR063,0.33 AC (100' LF),63 NARROWS RD,58900,0.33
13,     PI021,6.33 AC (1040' LF) & COTTAGE,21 PROVIDENCE ISLAND,546700,6.33
14,     CT020,5.0 AC & DWL,20 CONTENTMENT LN,498100,5.0
15,     LR061,0.54 AC & DWL,61 LANDON RD,200300,0.54
16,     HU016,PM - CHARIOT EAGLE,16 HURON LN,8900,0.0
17,     HU018,0.11 E/PM - BRECKENRIDGE,18 HURON LN,81200,0.0
18,     PC013,PM - KROPF,13 PERCH CIRCLE,22600,0.0
19,     RT071,177.8 AC (3540' LF) & CAMPGD,71 ROUTE 2,4083000,177.8
20,     SL010,PM - KROPH,10 SALMON LN,36400,0.0
21,     NC001,0.10 E/TC - WOODLAND PARK,1 NAUTICAL CIRCLE,69400,0.0
22,     IC022,0.13 E/PM - CASA VILLA,22 ISLAND CIRCLE,78200,0.0
23,     JC015,PM - BRECKENRIDGE,15 JONATHAN CIRCLE,11500,0.0
24,     PK003,PM - MALLARD,3 PIKE CIRCLE,9800,0.0
25,     PK004,PM - BRECKENRIDGE,4 PIKE CIRCLE,13400,0.0
26,     PK012,PM - CHARIOT EAGLE,12 PIKE CIRCLE,11400,0.0
27,     PK016,PM - CASAVILLA,16 PIKE CIRCLE,11700,0.0
28,     SL012,PM - KROPF,12 SALMON LN,11300,0.0
29,     NC006,0.09 PM - BRECKENRIDGE,6 NAUTICAL CIRCLE,11400,0.0
30,     IC024,KROPF LYNBROOK,24 ISLAND CIRCLE,8800,0.0
31,     SB015,0.22 AC ( 50'LF) & DWL,15 SUNSET BEACH RD,336400,0.22
32,     MP018,1.1 AC (100' LF) & COTTAGE,18 MELCHER PLACE,410400,1.1
33,     WH058,1.9 AC & DWL,58 WHIPPLE RD,166400,1.9
34,     TL002,1.08 AC & DWL,2 TOWN LINE RD,210400,1.08
35,     FR014,9.6 AC & DWL,14 FERRY RD,258700,9.6
36,     IS006,0.49 AC & DWL,6 IODINE SPRINGS ST,220200,0.49
37,     HE045,0.76 AC (100' LF) & DWL,45 HERON RIDGE,662600,0.76
38,     SS150,3.05 AC DWL,150 SOUTH ST,357700,3.05
39,     WS363,2.5 AC (35' LF) & DWL,363 WEST SHORE RD,350300,2.5
40,     WS319,3.54 AC (480' LF) & DWL,319  WEST SHORE RD,758200,3.54
41,     SS359,1.03 AC  & DWL,359 SOUTH STREET,215200,1.03
42,     RT274,0.66 AC & DWL,274 ROUTE 2,258000,0.66
43,     SS154,276.79 AC DWL & COML BLDGS,154 SOUTH ST,1296900,276.79
44,     HE052,0.46 AC (100' LF) & DWL,52 HERON RIDGE,476900,0.46
45,     FR094,132.1 AC & DWL,94 FERRY RD,682500,132.1
46,     FR066,4.38 AC & DW,,152800,4.38
47,     LV040,1.5 AC & DWL,40 LAKEVIEW RD,446800,1.5
48,     WS289,1.8 AC (144' LF) & DWL,289 WEST SHORE RD,710500,1.8
49,     EA021,0.09 EASEMENT,21 EAGLE LN,100600,0.0
50,     WS253,1.7 AC (116' LF) & DWL,253 WEST SHORE RD,639200,1.7
51,     WS064,10.16 AC & DWL,64 WEST SHORE RD,290300,10.16
52,     WS413,0.04 AC (100' LF),413 WEST SHORE RD,32900,0.04
53,     WS418,3.01 AC DW,418 WEST SHORE RD,172500,3.01
54,     WS416,0.66 AC & DWL,416 WEST SHORE RD,172400,0.66
55,     WS414,1.33 AC & DWL,414 WEST SHORE RD,297600,1.33
56,     HT026,0.21 AC (50' LF) & COTTAGE,26 HARRINGTON LN,301100,0.21
57,     DW005,PM - WOODLAND PARK,5 DRIFTWOOD LN,8900,0.0
58,     WS459,1.1 AC (115' LF) & DWL,459 WEST SHORE RD,567900,1.1
59,     WP092,0.14 AC (60' LF) & MH,92 WALLY'S POINT RD,189100,0.14
60,     SS267,2.40 AC & DWL,267 SOUTH ST,224300,2.4
61,     MT013,0.12 AC (65' LF) & COTTAGE,13 MOTT LN,277000,0.12
62,     SS316,13.3 AC (350'LF) & DWL,316 SOUTH ST,1386500,13.3
63,     SS310,9.8 AC (300' LF) & DWL,310 SOUTH ST,853700,9.8
64,     WP096,0.27 AC (120' LF) & COTTAGE,96 WALLY'S POINT RD,268300,0.27
65,     RR010,BLDG,10 ROY'S RIDGE RD,86000,0.0
66,     HE033,0.88 AC (100' LF) & COTTAGE,33 HERON RIDGE,399300,0.88
67,     SB057,0.57 AC (200' LF) & COTTAGE,57 SUNSET BEACH RD,916700,0.57
68,     SS061,9.3 AC & DWL,61 SOUTH ST,265900,9.3
69,     CH001,"0.75 AC (ST ""T"") & DWL",1 CHASE LANE,257600,0.75
70,     FL031,4.38AC & DWL,31 FEATHERBED LN,615100,4.38
71,     KF045,0.68 AC (165' LF) & DWL,45 KIBBE FARM RD,385100,0.68
72,     CL015,2.53 AC & DWL,,528300,2.53
73,     CP007,0.97 AC (149' LF) DWL,7 CHAMPLAIN LANE,501900,0.97
74,     WS480,20.7 AC & DWL,480 WEST SHORE RD,245200,20.7
75,     EC007,3.96 AC & DWL,7 EAGLE CAMP RD,346600,3.96
76,     BA005,5.3 AC & DWL,5 BAKER LN,220900,5.3
77,     WS225,27.60 (633.81' LF) & COTTAGE,225 WEST SHORE RD,671700,27.6
78,     WS226,0.55 AC & DWL,226 WEST SHORE RD,128400,0.55
79,     SB085,0.39 AC (79' LF) & DWL,85 SUNSET BEACH RD,537900,0.39
80,     SS294,1.1 AC & DWL,294 SOUTH ST,218500,1.1
81,     IC043,PM - CASAVILLA/ROYAL,43 ISLAND CIRCLE,6200,0.0
82,     SW029,10.16 AC (300' LF) & DWL,29 SWEENEY FARM RD,1500200,10.16
83,     PI011,6.36 AC (435' LF),11 PROVIDENCE ISLAND,145500,6.36
84,     RC001,0.27 E/PM - CHARIOT EAGL,1 ROME COURT,80700,0.0
85,     HR006,0.13 AC & MH,6 HILL RD,86600,0.13
86,     HW004,2.52 AC & DWL,4 HOLLOWROCK RD,366800,2.52
87,     WP006,STORAGE UNITS,6 WALLY'S POINT RD,183300,0.0
88,     WS589,3.29 AC (300' LF) & DWL,589 WEST SHORE RD,685400,3.29
89,     EM018,0.11 E/CEMENT PAD,18 EMPIRE CIRCLE,115400,0.0
90,     IC013,PM-FRANKLIN,13 ISLAND CIRCLE,7800,0.0
91,     HU002,PM - STEWART,2 HURON LN,11200,0.0
92,     SK014,TC - COACHMAN,,19000,0.0
93,     MD020,25.4 AC & DWL,20 MEADOW LN,324100,25.4
94,     LF003,1.30 AC & DWL,3 LITTLE FARM RD,351300,1.3
95,     TB020,2.90 AC & 50'LF,,712100,2.9
96,     IC020,CHARIOT EAGLE,20 ISLAND CIRCLE,10700,0.0
97,     HL014,1.90 AC (200' LF),14 HALL RD,754700,1.9
98,     HD025,0.42 AC (100' LF) & COTTAGE,25 HERITAGE DR,344300,0.42
99,     SS281,1.16 AC & DWL,281 SOUTH ST,341500,1.16
100,     SK009,TC - SPORTSMAN,9 SKYLAND CG,21400,0.0
101,     CL010,1.0 AC & BLDGS,,2072700,1.0
102,     EM024,TT - SHASTA,24 EMPIRE CIRCLE,7100,0.0
103,     PC015,0.09 E/PM - KROPF,15 PERCH CIRCLE,77400,0.0
104,     RT257,0.41 AC & DWL,257 ROUTE 2,248800,0.41
105,     KF081,0.49 AC (130' LF) & COTTAGE,81 KIBBE FARM RD,359800,0.49
106,     BV006,0.7 AC (100'LF) & DWL,6 BAY VIEW RD,404300,0.7
107,     WS476,11.6 AC DWL & SHOP,476 WEST SHORE RD,489100,11.6
108,     RL053,3.27 AC & DWL,,314100,3.27
109,     SS389,"0.74 AC (ST ""F"") & DWL",389 SOUTH ST,330500,0.74
110,     FR031,1.58 AC & DWL,31 FERRY RD,154700,1.58
111,     RT323,0.59 AC & DWL,323 ROUTE 2,174500,0.59
112,     RT321,1.0 AC & DWL,321 ROUTE 2,242400,1.0
113,     VW007,2.8 AC,7 VIENS WAY,79100,2.8
114,     HE049,0.54 AC (100' LF) & DWL,49 HERON RIDGE,371600,0.54
115,     EA014,PM - TERRY,14 EAGLE LN,7700,0.0
116,     KF041,0.7 AC ( 178' LF) DWLS & COTTAGE,41 KIBBE FARM RD,394000,0.7
117,     WS138,0.26 AC (100' LF) & DWL,138 WEST SHORE RD,311900,0.26
118,     SD026,0.50 AC (80' LF) & COTTAGE,26 SUNRISE RD,273200,0.5
119,     DW010,PM - CANTERBURY,10 DRIFTWOOD LN,8300,0.0
120,     HR044,1.25 AC (180' LF) & DWL,44 HILL RD,1080400,1.25
121,     EM012,PM - CHARIOT EAGLE,12 EMPIRE CIRCLE,9500,0.0
122,     IC053,PM KROPF,53 ISLAND CIRCLE,17600,0.0
123,     RS014,0.32 AC & MH,14 RAILROAD ST,96500,0.32
124,     SV086,2.0 AC & DW,86 SUNSET VIEW RD,159100,2.0
125,     SD040,0.49 AC (106' LF) & DWL,40 SUNRISE DR,510700,0.49
126,     FL030,10.5 AC (540' LF) & DWL,30 FEATHERBED LN,852000,10.5
127,     FL034,2.98 AC (398' LF) DWL & COTTAGE,34 FEATHERBED LN,771400,2.98
128,     SW033,10.1 AC (300' LF) & DWL,33 SWEENEY FARM RD,1098600,10.1
129,     RT473,0.66 AC & DWL,473 ROUTE 2,171000,0.66
130,     SS128,1.37 AC & DWL,128 SOUTH ST,480200,1.37
131,     WS439,2.14 AC ( 185' LF),439 WEST SHORE RD,792400,2.14
132,     WS435,1.70 AC (212' LF) & DWL,435 WEST SHORE RD,682400,1.7
133,     WH038,12.16 AC & DWL,38 WHIPPLE RD,407300,12.16
134,     JP077,50.0 AC (2018.81 LF) & COTTAGE  & PR014,77 JACKSON POINT,2346800,61.7
135,     WS485,2.2 AC ( 125' LF) & DWL,485 WEST SHORE RD,520000,2.2
136,     SV025,12.05  AC & DWL,25 SUNSET VIEW RD,373100,12.05
137,     LV016,9.48 AC & DWL,16 LAKEVIEW RD,322000,9.48
138,     EA026,CASAVILLA,26 EAGLE LN,13500,0.0
139,     KF073,0.17 AC (58' LF) & COTTAGE,73 KIBBE FARM RD,208500,0.17
140,     SS334,10.55 AC & DWL,334 SOUTH ST,516500,10.55
141,     FL011,5.7 AC,,138600,5.7
142,     EA019,PM -  KROPF,,45500,0.0
143,     KB006,1.6 AC & DWL,6 KEELER'S BAY RD,307500,1.6
144,     MT019,0.12 AC (60' LF) & COTTAGE,0.12 MOTT LN,238600,0.12
145,     WH014,3.35 AC & DWL/APT,14 WHIPPLE RD,343100,3.35
146,     RT418,.59 AC DWL & DWMH,418 ROUTE 2,289100,0.59
147,     MR007,6.3 AC & DWL,7 MARTIN RD,293100,6.3
148,     LE003,"LF (ST ""W"")",3 LANDS END WAY,33800,0.0
149,     FR017,2.98 AC,17 FERRY RD,70200,2.98
150,     SS308,0.97 AC & DWL,308 SOUTH ST,236300,0.97
151,     RT493,4.97 AC & DWL,493 ROUTE 2,511900,4.97
152,     MT003,1.23 AC (144' LF) DWL & COTTAGE,3 MOTT LN,527100,1.23
153,     RD054,0.31 AC (100' LF) & COTTAGE,54 RICHARDS RD,422100,0.31
154,     FR135,0.78 AC & DWL,135 FERRY RD,227100,0.78
155,     WS427,43.9 AC (467' ) & COTTAGE,427 WEST SHORE RD,939000,43.9
156,     IC037,TT - WILDWOOD/FR,37 ISLAND CIRCLE,14700,0.0
157,     PL012,4.01 AC & DWL,12 PHELPS LN,448900,4.01
158,     SW025,4.49 AC (816' LF) & DWL,25 SWEENEY FARM RD,1430600,4.49
159,     IW028,0.3 AC (130' LF) & DWL,28 IDLEWILD RD,485700,0.3
160,     JC004,PM - ESTATE,4 JONATHAN CIRCLE,6400,0.0
161,     PI023,5.46 AC (410' LF) & COTTAGE,23 PROVIDENCE ISLAND,364600,5.46
162,     PI010,6.4 AC (435' LF) & SHED,10 PROVIDENCE ISLAND,490100,6.4
163,     PI024,5.8 AC (420' LF) & COTTAGE,24 PR0VIDENCE ISLAND,374200,5.8
164,     RT304,0.3 AC & COML,304 ROUTE 2,322100,0.3
165,     WS236,2.46 AC & DWL,236 WEST SHORE RD,277500,2.46
166,     LF004,2.1 AC & DWL,4 LITTLE FARM RD,482800,2.1
167,     HR011,1.5 AC & DWL,11 HILL RD,228800,1.5
168,     CD003,1.3 AC & MH,3 CARDINAL LANE,130600,1.3
169,     RT494,1.1 AC & DWL,494 ROUTE 2,254200,1.1
170,     RT541,10.1 AC & MH,541 ROUTE 2,144000,10.1
171,     RT495,3.1 AC & DWL,495 ROUTE 2,234600,3.1
172,     SS275,0.83 AC & DWL,275 SOUTH ST,280800,0.83
173,     SA004,PM - NOBILTY,4 SANDBAR LN,10600,0.0
174,     SS037,.96 AC,37 SOUTH ST,252400,0.96
175,     EW005,1.9 AC (250' LF) & DWL,5 ENGLEWOOD RD,1114300,1.9
176,     IW020,0.3 AC (50' LF),20 IDLEWILD RD,50000,0.3
177,     SS257,1.7 AC & DWL,257 SOUTH ST,288000,1.7
178,     WH105,10.12 AC & DWL,105 WHIPPLE RD,357100,10.12
179,     FR028,11.55 AC & DWL,28 FERRY RD,310300,11.55
180,     SW042,32.75 AC (2851' LF) & DWL,42 SWEENEY FARM RD,1877800,32.75
181,     SK019,TC - WINDJAMMER,19 SKYLAND CG,11000,0.0
182,     ES135,7.0 AC (920' LF) DWL & COTTAGES,135 EAST SHORE RD,1101600,7.0
183,     IC046,2022 KROFT,,75500,0.0
184,     PF009,15.0 AC & DWL,9 PETER'S FARM RD,527000,15.0
185,     AP025,1.03 AC (105' LF) & DWL,25 ALLEN POINT RD,577600,1.03
186,     SV096,65.8 AC (200' LF) DWL & FARM BLDGS,96 SUNSET VIEW RD,559800,65.8
187,     SS064,14.7 AC & DW,64 SOUTH ST,251400,14.7
188,     SS312,1.0 AC & DWL,312 SOUTH ST,266400,1.0
189,     WH064,10.9 AC & DWL,64 WHIPPLE RD,259600,10.9
190,     HR003,0.41 AC & DWL,3 HILL RD,182900,0.41
191,     RT492,1.1 AC & 3 FAM,492 ROUTE 2,232400,1.1
192,     CD038,2.2 AC (315' LF) & DWL,38 CARDINAL LANE,530100,2.2
193,     BL049,30.01 AC (550' LF) & BOAT HOUSE,49 BUERMANN LN,773800,30.01
194,     RD021,82.86 AC (100' LF) & DWL,21 RICHARDS RD,915000,82.86
195,     BL047,1.28AC (255LF) & COTTAGE,47 BUERMANN LN,412000,1.28
196,     WS313,5.0 AC (75' LF) & DWL,313 WEST SHORE RD,930900,5.0
197,     RT266,1.0 AC & DWL,266 ROUTE 2,287500,1.0
198,     SS230,1.1 AC & DWL,230 SOUTH ST,270400,1.1
199,     KF079,0.32 AC (117' LF) & COTTAGE,79 KIBBE FARM RD,339200,0.32
200,     WS581,1.6 AC (100' LF) DWL & APT,581 WEST SHORE RD,754400,1.6
201,     HD033,1.0 AC (93' LF) & COTTAGE,33 HERITAGE DR,428300,1.0
202,     KP135,2.91 AC (318.' LF) & DWL,135 KIBBE POINT RD,1177000,2.91
203,     ES056,3.58 AC,EAST SHORE RD,370800,3.58
204,     LL096,2.06 AC (400' LF) & DWL,96 LOMBARD LN,766000,2.06
205,     LD013,0.09 AC & COTTAGE,13 LAKE DR,69100,0.09
206,     RT530,3.57 AC DWL & COML GAR,530 ROUTE 2,448000,3.57
207,     CB035,0.45 AC (100' LF) & COTTAGE,35 CRESCENT BAY RD,428600,0.45
208,     IC030,TT - SUNDANCE 5TH WHEEL,,7200,0.0
209,     RT600,6.0 AC & DWL,600 ROUTE 2,369600,6.0
210,     WS580,1.1 AC & DWL,580 WEST SHORE RD,216000,1.1
211,     PK008,PM - CASAVILLA,8 PIKE CIRCLE,13400,0.0
212,     RT564,1.8 AC & MED CTR,564 ROUTE 2,392200,1.8
213,     FL091,1.0 AC & DWL,91 FEATHERBED LN,288400,1.0
214,     JS029,10.22 AC & DWL,29 JOHN STARK RD,561200,10.22
215,     WH008,1.59 AC & DWL,8 WHIPPLE RD,344000,1.59
216,     LV068,188.86 AC DWLS & MHS,68 LAKEVIEW RD,1162900,188.86
217,     SD020,0.42 AC (70' LF) & DWL,20 SUNRISE DR,432400,0.42
218,     WS339,2.3 AC (345' LF) & COTTAGE,339 W SHORE RD,569800,2.3
219,     CL031,0.53 AC (150' LF) & COTTAGE,31 CARTER LN,367900,0.53
220,     PK001,QUAILRIDGE,1 PIKE CIRCLE,7600,0.0
221,     CE012,10.1 AC (550' LF) & DWL,12 CEDARCLIFF LN,1167600,10.1
222,     SS271,1.0 AC & DWL,271 SOUTH ST,224000,1.0
223,     FL114,1.53 AC (535' LF) & COTTAGE,114 FEATHERBED LN,531000,1.53
224,     CC017,12.66 AC (332' LF); 2 LOTS,17 CAVENDISH COVE RD,1744100,12.66
225,     IR048,7.18 AC (350' LF) & DWL,48 INSELHEIM RD,1151000,7.18
226,     IC006,0.16 E/PM - WOODLAND PARK,6 ISLAND CIRCLE,69900,0.0
227,     RT400,2.8 AC & DWL,400 ROUTE 2,494900,2.8
228,     MR043,0.34 AC & DW,43 MARTIN RD,150900,0.34
229,     KB018,0.52 AC & DWL,18 KEELER BAY RD,285600,0.52
230,     FL108,0.43 AC (100' LF) & DWL,108 FEATHERBED LN,527300,0.43
231,     CL016,11.14 AC (63' LF) DWL & COTTAGE,16 CARTER LN,649200,11.14
232,     CL025,1.10 AC (140' LF) & 3 UNIT CONDOMINIUN,25 CARTER LANE,554600,1.1
233,     WS329,2.6 AC (83' LF) & DWL,329 WEST SHORE RD,580400,2.6
234,     CL035,0.63 AC (100' LF) & DWL,35 CARTER LN,449000,0.63
235,     DL029,11.44 AC & DWL,29 DUBUQUE LN,516600,11.44
236,     SS354,1.8 AC & DWL,354 SOUTH ST,324400,1.8
237,     DL021,3.21 AC & DWL,21 DUBUQUE LN,352900,3.21
238,     LE024,0.63AC (105' LF) & DWL,24 LANDS END WAY,541200,0.63
239,     PL002,1.05 AC & DWL,2 PHELPS LN,258700,1.05
240,     SS011,1.2 AC & DWL,11 SOUTH ST,292600,1.2
241,     CL023,5.4 AC (482' LF) & COTTAGES,23 CARTER LN,559000,5.4
242,     RT502,1.97 AC DWL OFFICE & APT,502 ROUTE 2,603100,1.97
243,     CT004,11.08 AC & DWL,4 CONTENTMENT LANE,296400,11.08
244,     PI012,8.0 AC (1400' LF) & COTTAGE,12 PROVIDENCE ISLAND,458800,8.0
245,     RT498,TANKS & CANOPY,500 ROUTE 2,51800,0.0
246,     FR097,11.59 AC & MH,97 FERRY RD,197000,11.59
247,     WS468,0.37 AC & DWL,468 WEST SHORE RD,196900,0.37
248,     WS072,15.32 AC & DWL,72 WEST SHORE RD,314900,15.32
249,     JS012,10.02 AC & DWL,12 JOHN STARK RD,330300,10.02
250,     SH004,1.0 AC & DWL,4 SANDBAR HEIGTHS DR,269600,1.0
251,     MD015,2.74 AC & DWL,15 MEADOW LN,340800,2.74
252,     WS255,1.3 AC (110' LF) & DWL,255 WEST SHORE RD,731100,1.3
253,     SS036,0.30 AC & DWL,36 SOUTH ST,250500,0.3
254,     CC025,2.75 AC (249' LF) & DWL,25 CAVENDISH COVE RD,850600,2.75
255,     CL037,0.61 AC (75' LF) & COTTAGE,37 CARTER LANE,331900,0.61
256,     WS341,8.65 AC (1279' LF) DWL & COTTAGES,341 WEST SHORE RD,1238800,8.65
257,     MD035,26.2 AC & DWL,35 MEADOW LANE,355800,26.2
258,     FL042,4.95 AC,,125500,0.0
259,     PC005,PM - WOODLAND PARK,5 PERCH CIRCLE,5600,0.0
260,     SB051,0.28 AC (100' LF) & COTTAGE,51 SUNSET BEACH RD,430800,0.28
261,     MT001,1.1 AC & DWL,1 MOTT LANE,270500,1.1
262,     WS560,10.29 AC & DWL,560 WEST SHORE RD,366000,10.29
263,     MR067,0.17 AC (100' LF) & COTTAGE,67 MARTIN RD,405800,0.17
264,     CB027,0.45 AC (100' LF) & DWL,27 CRESCENT BAY RD,461000,0.45
265,     LR077,3.41 AC & DWL,77 LANDON RD,531300,3.41
266,     HL008,2.8 AC (326' LF) & DWL,8 HALL RD,853200,2.8
267,     MB003,1.1 AC (129' LF) & DWL,3 MCBRIDE LN,368800,1.1
268,     CB013,0.58 AC (100' LF) & COTTAGE,13 CRESCENT BAY RD,328700,0.58
269,     CD034,0.38 AC (62' LF) & DWL,34 CARDINAL LN,371000,0.38
270,     PP001,CABLE,,0,0.0
271,     CM038,UNIT 7 OFFICES,,955000,0.0
272,     CW043,0.82 AC (100' LF) & DWL,43 COLONY WAY,799900,0.82
273,     PK006,PM - CHARIOT EAGLE,6 PIKE CIRCLE,11600,0.0
274,     RT095,0.34 AC & BLDG,95 ROUTE 2,108300,0.34
275,     SK004,TT - OUTBACK 2009,4 SKYLAND CG,12500,0.0
276,     LD007,0.39 AC & COTTAGE,7 LAKE DRIVE,75500,0.39
277,     MR070,124.0 AC (550' LF) DWL & COTTAGES,70 MARTIN RD,1222200,124.0
278,     WS405,"4.05 AC (1,852') & DWLS",405 WEST SHORE RD,1580600,4.05
279,     SI028,81 AC (STAVE IS) & COTTAGES,STAVE ISLAND,1252600,81.0
280,     HT024,% 0.18 AC (65' LF) & COTTAGE,24 HARRINGTON LN,15000,0.18
281,     SA005,TC - MAX LITE,,8300,0.0
282,     EM026,BRITTNEY PARK,26 EMPIRE CIRCLE,9800,0.0
283,     WS327,2.7 AC (150' LF) DWL & CAMP,327 WEST SHORE RD,707000,2.7
284,     WS283,0.90 AC (175' LF) & DWL,283 WEST SHORE RD,480700,0.9
285,     HD023,0.67 AC (160' LF) & DWL,23 HERITAGE DR,573700,0.67
286,     RT315,0.45 AC & DWL,315 ROUTE 2,150700,0.45
287,     CC021,1.9 AC (400' LF) & DWL,21 CAVENDISH COVE RD,1002700,1.9
288,     FC025,1.3 AC,25 FOX CROSSING RD,118800,1.3
289,     IR020,1.10 AC (187' LF) & DWL,20 INSELHEIM RD,609700,1.1
290,     FL086,5.9 AC & DWL,,365400,5.9
291,     SA002,0.30 E/PM - HOLIDAY RAMBLER,2 SANDBAR LN,82400,0.0
292,     LV117,10.97 AC & DWL,117 LAKEVIEW RD,322800,10.97
293,     FR068,63.06 AC DWL,68 FERRY RD,352800,63.06
294,     HO009,3.2 AC & DWL,9 HOCHELAGA RD,255700,3.2
295,     WS240,10.3 AC & DWL,240 WEST SHORE RD,335100,10.3
296,     WS575,3.2 AC (203'LF) & DWL,575 WEST SHORE RD,943400,3.2
297,     WS443,2.01 AC (308' LF) & COTTAGE,443 WEST SHORE RD,779700,2.01
298,     CW027,2.2 AC (252' LF) & DWL,27 COLODNY WAY,835400,2.2
299,     WP030,7.0 AC & DWL,30 WALLY'S POINT RD,423300,7.0
300,     SS233,6.09 AC & DUPLEX,233 SOUTH ST,343000,6.09
301,     HE030,0.96 AC & DWL,30 HERON RIDGE,367100,0.96
302,     CS017,0.06 AC (40' LF) & COTTAGE,17 CEDAR ST,206800,0.06
303,     WP086,0.84 AC (100' LF) & COTTAGE,86 WALLY'S POINT RD,285300,0.84
304,     HR013,0.81 AC & DWL,13 HILL RD,300200,0.81
305,     SS304,12.8 AC (280'LF) & DWL & (MR033 12.3 AC),304 SOUTH ST,1227000,12.8
306,     JS007,10.29 AC & DWL,7 JOHN STARK RD,395100,10.29
307,     LE030,0.15 AC (107' LF) & COTTAGE,30 LANDS END WAY,223900,0.15
308,     SB047,0.33 AC (100' LF) & COTTAGE,47 SUNSET BEACH RD,369000,0.33
309,     SV015,1.0 AC & DWL,15 SUNSET VIEW RD,327300,1.0
310,     MB001,1.15 AC (125' LF) & DWL,1 MCBRIDE LANE,500300,1.15
311,     HH005,1.48 AC & DWL,5 HAYCORN HOLLOW RD,281400,1.48
312,     ML013,2.9 AC & DWL,13 MAPLE RIDGE LANE,169100,2.9
313,     SS173,1.24 AC & DWL,173 SOUTH ST,372200,1.24
314,     HO019,10.1 AC & DWL,19 HOCHELAGA RD,288400,10.1
315,     HR031,1.25 AC & DWL,31 HILL RD,464400,1.25
316,     BV004,0.9 AC (100' LF) & MH,4 BAYVIEW,306000,0.9
317,     GU006,TT BUNGALOW BY JAY FLIGHT,,12800,0.0
318,     WS576,2.51 AC & DWL,WS576,371400,2.51
319,     PI016,5.97 AC (500' LF) & COTTAGE,16 PROVIDENCE ISLAND,329600,5.97
320,     SS295,10.4 AC & DWL,295 SOUTH ST,332000,10.4
321,     TL112,0.65 AC (240' LF) & COTTAGE,112 TOWN LINE RD,511700,0.65
322,     NR014,11.0 AC (550' LF) & DWL,14 NARROWS RD,890000,11.0
323,     NR075,2.19 AC (200' LF),75 NARROWS RD,95800,2.19
324,     PK014,0.17 E/PM - WOODLAND PARK,14 PIKE CIRCLE,78700,0.0
325,     WS068,10.16 AC & DWL,68 WEST SHORE RD,414000,10.16
326,     WS571,2.3 AC (150' LF) & BARN,571 WEST SHORE RD,1701700,2.3
327,     WP090,0.60 AC (50' LF) & COTTAGE,90 WALLY'S POINT RD,292900,0.6
328,     LR057,33.53 AC,,216300,33.53
329,     MR008,10.09 AC & DWL,8 MARTIN RD,449600,10.09
330,     SS240,42.54 AC & DWL,240 SOUTH ST,544700,42.54
331,     SV082,9.73 AC & DWL,82 SUNSET VIEW RD,178200,9.73
332,     SS246,10.16 AC & DWL,246 SOUTH ST,317400,10.16
333,     LR023,52.07 AC & DWL,2020 ACQUIRED 32.31 AC ON SOUTH ST.,495400,52.07
334,     SV090,31.70 AC & DWL & LOT,90 SUNSET VIEW RD,275400,31.7
335,     LR027,7.06 AC & DWL,27 LANDON RD,371400,7.06
336,     SS285,2.02 AC & MH,285 SOUTH ST,134800,2.02
337,     WS579,2.2 AC (148' LF) & DWL,579 WEST SHORE RD,793900,2.2
338,     PL047,3.7 AC & DWL,47 PHELPS LN,284000,3.7
339,     HE040,0.81 AC & DWL,40 HERON RIDGE,243500,0.81
340,     KF035,1.58 AC (251' LF) & COML,35 KIBBE FARM RD,1741000,1.58
341,     SS018,0.98 AC & DWL,18 SOUTH ST,321700,0.98
342,     WS505,174.28 AC (2650' LF) DWLS & COTTAGES,505 WEST SHORE RD,3566100,174.28
343,     HR050,1.0 AC (143' LF) & DWL,50 HILL RD,561900,1.0
344,     PI017,5.75 AC (500' LF),17 PROVIDENCE ISLAND,113000,5.75
345,     HE047,0.76 AC (100' LF) & COTTAGE,47 HERON RIDGE,384400,0.76
346,     CH009,0.86 AC (179' LF) & DWL,9 CHASE LN,606200,0.86
347,     SD028,0.72 AC (110' LF) & COTTAGE,28 SUNRISE DR,343800,0.72
348,     HE029,1.19 AC (150' LF) & DWL,29 HERON RIDGE,428900,1.19
349,     RT053,0.36 AC (90' LF) & DWL,53 ROUTE 2,308200,0.36
350,     EA007,TT - SANDPIPER,7 EAGLE LN,8100,0.0
351,     FR030,11.82 AC & DWL,30 FERRY RD,274000,11.82
352,     HE048,0.29 AC & DWL,48 HERON RIDGE,333500,0.29
353,     EA003,PM - STEWART,3 EAGLE LN,19500,0.0
354,     FL060,1.14 AC (150'LF) & DWL,60 FEATHERBED LN,736700,1.14
355,     SV011,1.75 AC & DWL,11 SUNSET VIEW RD,219900,1.75
356,     WS530,2.0 AC & COTTAGE,530 WEST SHORE RD,190800,2.0
357,     EC030,11.15 AC & DWL,30 EAGLE CAMP RD,408200,11.15
358,     SS035,0.5 AC & DWL,35 SOUTH ST,238700,0.5
359,     SS031,6.3 AC & DWL,31 SOUTH ST,508900,6.3
360,     IS011,0.34 AC & DWL,11 IODINE SPRINGS ST,182100,0.34
361,     WS349,2.02 AC & DWL,349 WEST SHORE RD,351300,2.02
362,     EM040,TT - COUGAR,40 EMPIRE CIRCLE,14300,0.0
363,     KF057,0.47 AC ( 89' LF) & COTTAGE,57 KIBBE FARM RD,436400,0.47
364,     KF059,0.25 AC (60' LF) & COTTAGE,59 KEBBE FARM RD,256100,0.25
365,     LR016,4.01 AC,,114800,4.01
366,     MR015,1.0 AC & DWL,,537200,1.0
367,     SV008,0.56 AC & DWL,8 SUNSET VIEW RD,158400,0.56
368,     FR127,14.23 (9 LOT SUBDIVISION),,423700,14.23
369,     TB018,1.5 AC (95' LF) & COTTAGE,18 TURTLE BAY LN,457600,1.5
370,     SR013,0.10 AC,13 STATION RD,600,0.1
371,     WS350,178.58 AC (1190' LF) & BARNS & SR122,350 WEST SHORE RD,1706800,178.58
372,     RL017,3.38 AC & DWL,,402100,3.38
373,     SB033,0.19 AC (50' LF) & COTTAGE,33 SUNSET BEACH RD,281700,0.19
374,     CB011,0.58 AC (100' LF) & DWL,11 CRESCENT BAY RD,316000,0.58
375,     NR059,0.8 AC ( 197' LF) & DWL,59 NARROWS RD,514900,0.8
376,     PC014,PM - FRANKLIN/ROYAL,14 PERCH CIRCLE,8200,0.0
377,     CO004,"1.3 AC (ST ""E"") & DWL",4 COLONEL ALLEN DR,436700,1.3
378,     KP003,3.81 AC & DWL,3 KIBBE POINT RD,283100,3.81
379,     SB079,0.43 AC (150' LF) & COTTAGE,79 SUNSET BEACH RD,400800,0.43
380,     HL042,1.68 AC (230' LF ) & DWL,42 HALL RD,739300,1.68
381,     SS074,1.9 AC & DWL,74 SOUTH ST,285900,1.9
382,     NC003,FRANKLIN,3 NAUTICAL CIRCLE,40900,0.0
383,     HE043,0.75 AC (161' LF) & DWL,43 HERON RIDGE,559100,0.75
384,     CS014,0.17 AC & DWL,14 CEDAR ST,140300,0.17
385,     HE031,1.19 AC (150' LF) & DW,31 HERON RIDGE,394200,1.19
386,     IW035,0.37 AC (112' LF) & COTTAGE,35 IDLEWILD RD,426000,0.37
387,     WS455,1.35 AC (150' LF) & DWL,455 WEST SHORE RD,866700,1.35
388,     WS412,1.0 AC & COTTAGE,412 WEST SHORE RD,150500,1.0
389,     CT038,3.3 AC (225' LF) & DWL,38 CONTENTMENT LN,1080600,3.3
390,     SS390,0.80 AC (200' LF) & DWL,390 SOUTH ST,570400,0.8
391,     TB010,1.42 AC & DWL,,411200,1.42
392,     JP021,63.0 AC,21 JACKSON POINT,157100,63.0
393,     CW047,0.83 AC (61' LF) & COTTAGE,47 COLODNY WAY,727400,0.83
394,     FL052,2.06 AC (205' LF) & DWL,52 FEATHERBED LANE,782700,2.06
395,     EA012,PM - BRITTANY PARK,12 EAGLE LN,7300,0.0
396,     WP072,0.16 AC (70' LF) & COTTAGE,72 WALLY'S POINT RD,256600,0.16
397,     HO049,3.25 AC (77' LF) & COTTAGE,49 HOCHELAGA RD,393100,3.25
398,     IR024,1.74 AC (290' LF) & DWL,24 INSELHEIM RD,741000,1.74
399,     RT441,0.49 AC & DWL,441 ROUTE 2,196300,0.49
400,     WS273,2.9 AC (178' LF) & DWL,273 WEST SHORE RD,984800,2.9
401,     RT499,0.51 AC & DWL,499 ROUTE 2,316800,0.51
402,     LD024,0.04 AC,24 LAKE DRIVE,2000,0.04
403,     OF013,3.5 AC & DWL,13 OLD FARM RD,441800,3.5
404,     WP097,1.27 AC (125' LF); COTTAGE,97 WALLY'S POINT RD,498000,1.27
405,     HL030,1.65 AC (200' LF) & DWL,30 HALL RD,684800,1.65
406,     WP099,0.22 AC (105' LF) & DWL,99 WALLY'S POINT RD,462700,0.22
407,     PB099,.14 AC & DWL,,461800,0.14
408,     PC024,PM - FRAKLIN/ROYAL,24 PERCH CIRCLE,7500,0.0
409,     HR053,4.68 AC - 2 LOTS,53 HILL RD,428200,4.68
410,     KB016,0.37 AC & DWL,16 KEELER BAY RD,251900,0.37
411,     SS053,9.2 AC & DWL,53 SOUTH ST,299500,9.2
412,     PS005,0.32 AC & DWL,5 PINE ST,142200,0.32
413,     RT489,0.52 AC & DWL,489 ROUTE 2,250600,0.52
414,     KB012,0.48 AC & DWL,12 KEELER'S BAY RD,294900,0.48
415,     RT487,0.52 AC & MH,487 ROUTE 2,103100,0.52
416,     DW001,0.09 E/PM - MALLARD,1 DRIFTWOOD LN,71100,0.0
417,     WP105,0.33 AC (100' LF) & COTTAGE,105 WALLY'S POINT RD,346100,0.33
418,     WP101,1.1 AC (155' LF) & COTTAGE,101 WALLY'S POINT RD,444200,1.1
419,     SK008,2012 SHADOW CRUISER,8 SKYLAND CG,10400,0.0
420,     TR029,0.75 AC & DWL,29 TRACY RD,281600,0.75
421,     WS449,0.81 AC (75' LF) & DWL,449 WEST SHORE RD,466700,0.81
422,     IS015,0.46 AC & DWL,15 IODINE SPRINGS ST,228100,0.46
423,     IS014,2.05 AC DUPLEX & MH,14 IODINE SPRINGS ST,168400,2.05
424,     EA002,PM - KROPF,2 EAGLE LN,19500,0.0
425,     IC048,PM - STEWART/COZY CABIN,48 ISLAND CIRCLE,5100,0.0
426,     MS019,10.3 AC & DWL,19 MINISTRY LANE,506300,10.3
427,     FL038,1.6 AC (200' LF) & DWL,38 FEATHERBED LN,475200,1.6
428,     HL024,1.79 AC (200' LF),24 HALL RD,1685600,1.79
429,     KF103,0.5 AC (250' LF) DWL & 2 COTTAGES,103 KIBBE FARM RD,617500,0.5
430,     LH050,10.47 AC (380' LF) & DWL,50 LIGHTHOUSE RD,1207600,10.47
431,     GU022,KROPH,22 GULL LN,21300,0.0
432,     IC027,SIERRA PARK MODEL,27 ISLAND CIRCLE,16800,0.0
433,     WH030,5.39 AC & DWL,30 WHIPPLE RD,414200,5.39
434,     ES083,1.08 AC & DWL,83 EAST SHORE RD,242800,1.08
435,     HU026,0.07 E/PM,26 HURON LN,109800,0.0
436,     WS279,1.22 AC (133'LF),,587500,1.22
437,     HE041,0.81 AC (105' LF) & COTTAGE,41 HERON RIDGE,536700,0.81
438,     FL064,1.0 AC (40' LF) & DWL,64 FEATHERBED LN,407100,1.0
439,     SS280,2.23 AC & DWL,,340600,2.23
440,     KL023,0.28 AC (70' LF) & COTTAGE,23 KEELER LANE,222500,0.28
441,     IC010,0.14 E/PM - BRITTANY PK,10 ISLAND CIRCLE,84800,0.0
442,     CD032,0.38 AC (78' LF) & COTTAGE,32 CARDINAL LN,437600,0.38
443,     WS287,10.3 AC (106' LF) & DWL,287 WEST SHORE RD,794300,10.3
444,     HH007,1.94 AC & DWL,7 HAYCORN HOLLOW RD,400600,1.94
445,     RT465,145.0 AC MHS & FARM BLDGS,465 ROUTE 2,694800,145.0
446,     FR015,37.56 AC,15 FERRY RD,188100,37.56
447,     HH031,1.19 AC & DWL,31 HAYCORN HOLLOW,390700,1.19
448,     BV002,0.77 AC (100' LF) & DWL,2 BAYVIEW,428400,0.77
449,     ML022,4.3 AC & DWL,22 MAPLE RIDGE LN,305200,4.3
450,     KP109,1.02 AC & DWL,109 KIBBE POINT RD,240600,1.02
451,     KF037,0.23 AC (50' LF) & COTTAGE,37 KIBBE FARM RD,366000,0.23
452,     LF015,6.90 AC & DWL,15 LITTLE FARM RD,373400,6.9
453,     HD029,0.5 AC (100' LF) & COTTAGE,29 HERITAGE DR,408000,0.5
454,     SR061,2.36 AC,,91800,2.36
455,     KF065,0.10 AC (57' LF) & COTTAGE,65 KIBBE FARM RD,226100,0.1
456,     WS578,2.0 AC & DWL,LOT # 3,273200,2.0
457,     HR046,1.76 AC (167' LF) & DWL,46 HILL RD,795500,1.76
458,     IC041,PM - KROPF,41 ISLAND CIRCLE,19000,0.0
459,     SV019,0.68 AC & DWL,19 SUNSET VIEW RD,252000,0.68
460,     SS086,33.20 AC DWL & ORCHARD,86 SOUTH ST,871500,33.2
461,     WH004,1.27 AC & DWL,4 WHIPPLE RD,272100,1.27
462,     SV003,0.4 AC & TC,3 SUNSET VIEW RD,93600,0.4
463,     BS008,0.39 AC (135' LF) & COTTAGE,8 BITTERSWEET LN,291800,0.39
464,     HR049,1.88 AC,,566500,1.88
465,     SV021,0.57 AC & DWL/OFFICE,21 SUNSET VIEW RD,246600,0.57
466,     CD036,0.54 AC (90' LF) & DWL,36 CARDINAL LANE,414700,0.54
467,     WS261,1.9 AC (103' LF) & SHED,261 WEST SHORE RD,371200,1.9
468,     WS257,2 AC (197' LF) & DWL,257 WEST SHORE RD,1126800,2.0
469,     CB021,0.25 AC (90' LF) & COTTAGE,21 CRESCENT BAY RD,353000,0.25
470,     EA006,PM KROPF,6 EAGLE LN,17400,0.0
471,     AP019,1.48 AC ( 95' LF) & DWL,19 ALLEN POINT RD,510300,1.48
472,     TL082,10.1AC & DWL,82 TOWN LINE RD,532600,10.1
473,     FL058,0.78 AC (100' LF) & DWL,58 FEATHERBED LN,700700,0.78
474,     SV001,1.8 AC & MH,1 SUNSET VIEW RD,158600,1.8
475,     SV013,1.0 AC,,43800,1.0
476,     GL059,1.18 AC (353' LF) & COTTAGE,59 GIFFORD LANE,436700,1.18
477,     SS357,4.38 AC & DWL,357 SOUTH ST,306800,4.38
478,     CB031,0.45 AC (100' LF) & DWL,31 CRESCENT BAY RD,515500,0.45
479,     KI009,3.9 AC (KELLOG ISLAND) & COTTAGES,9 KELLOG ISLAND,837500,3.6
480,     EC010,1.21 AC & DWL,10 EAGLE CAMP RD,270800,1.21
481,     NC002,2017 KROPH,,56900,0.0
482,     RT310,9.0 AC DWL & MH,310 ROUTE 2,329400,9.0
483,     RT316,0.25 AC & COML,316 ROUTE 2,282300,0.25
484,     ES127,3.0 AC & DWL,,919900,3.0
485,     LR085,7.70 AC & DWL,85 LANDON RD,432100,7.7
486,     WS133,0.10 AC ( 126' LF),133 WEST SHORE RD,71400,0.1
487,     SR117,217.6 AC & DWLS,117 STATION RD,919100,217.6
488,     HR027,1.14 AC & COTTAGES,,209300,1.14
489,     DL011,3.06 AC & DWL,11 DUBUQUE LN,322200,3.06
490,     CO010,0.75 AC & DWL,10 COLONEL ALLEN DR,329300,0.75
491,     SS047,0.61 AC & DWL,47 SOUTH ST,218200,0.61
492,     CW037,1.02 AC (125' LF) & COTTAGE,37 COLODNY WAY,515000,1.02
493,     CB033,0.45 AC (100' LF) & DWL,33 CRESCENT BAY RD,500000,0.45
494,     PK018,0.20 E/PM - CHARIOT EAGLE,18 PIKE CIRCLE,84800,0.0
495,     PK010,0.21 E/PM - BRECKENRIDGE,10 PIKE CIRCLE,84100,0.0
496,     RM020,2.9 AC (540' LF); DWL  & LOTS,20 REMPLE RD,902900,2.9
497,     DL001,3.4 AC & DWL,1 DUBUQUE LANE,410300,3.4
498,     NR049,2.6 AC (565' LF) & COTTAGE,49 NARROWS RD,698700,2.6
499,     GL047,1.0 AC (129' LF) & COTTAGES,47 GIFFORD LN,401600,1.0
500,     KF097,1.4 AC (510' LF) & COTTAGES,97 KIBBE FARM RD,743700,1.4
501,     TR010,0.9 AC & DWL,10 TRACY RD,159900,0.9
502,     LL106,1.5 AC (400'LF) & DWL,106 LOMBARD LANE,926100,1.5
503,     RT252,CONDO UNIT 8,,764600,0.0
504,     KF025,0.66 AC (125' LF) DWL & COTTAGE,25 KIBBE FARM RD,1236200,0.66
505,     TB016,1.51 AC (97' LF) & DWL,16 TURTLE BAY LN,620900,1.51
506,     FR008,0.46 AC & COML/APT,8 FERRY RD,242000,0.46
507,     CB015,0.41 AC (110' LF) & COTTAGE,15 CRESCENT BEACH RD,371300,0.41
508,     CB007,1.34 AC (209' LF) DWL & COTTAGE,7 CRESCENT BAY RD,670800,1.34
509,     HE035,0.89 AC (100' LF),35 HERON RIDGE,292200,0.89
510,     WS585,1.2 AC (100' LF) & COTTAGE,585 WEST SHORE RD,371400,1.2
511,     SV017,10.09 AC & DWL,17 SUNSET VIEW RD,354300,10.09
512,     WH075,10.11 AC & DWL,75 WHIPPLE RD,522100,10.11
513,     SW037,10.1 AC (300' LF) & DWL,37 SWEENEY FARM RD,993300,10.1
514,     HT016,0.64 AC & DWL,16 HARRINGTON LN,261300,0.64
515,     TL048,0.93 AC & DWL,48 TOWNLINE RD,244900,0.93
516,     RT145,86.78 AC & DWL,145 ROUTE 2,970900,86.78
517,     LL086,2.52 AC (840' LF) & DWL,86 LOMBARD LN,945200,2.52
518,     SV037,1.3 AC & DWL,37 SUNSET VIEW RD,326800,1.3
519,     TD010,1.83 AC; DWL,10 TOURVILLE DR,265300,1.83
520,     WS541,1.05 AC (100' LF) & DWL,541 WEST SHORE RD,477600,1.05
521,     SW003,3.17 AC (900' LF) & DWL,3 SWEENEY FARM RD,724800,3.17
522,     HE026,0.26 AC,26 HERON RIDGE,52800,0.26
523,     HE053,0.50 AC (190' LF) & COTTAGES,53 HERON RIDGE,578500,0.5
524,     SB069,0.50 AC (175' LF) & DWL,69 SUNSET BEACH RD,618500,0.5
525,     ES089,10.1 AC (200'LF) & DWL,89 EAST SHORE RD,758800,10.1
526,     WS102,1.67 AC & DWL,102 WEST SHORE RD,337000,1.67
527,     CB019,0.21 AC (95' LF) & COTTAGE,19 CRESCENT BAY RD,395700,0.21
528,     HR002,0.5 AC & DWL,2 HILL RD,223800,0.5
529,     RT471,0.59 AC & DWL,471 ROUTE 2,238200,0.59
530,     SB031,0.21 AC (50' LF) & COTTAGE,31 SUNSRT BEACH RD,292400,0.21
531,     PL062,3.3 AC (266.5' LF) & COTTAGES,62 PHELPS LANE,684700,3.3
532,     RT488,0.57 AC & TRIPLEX,488 ROUTE 2,224300,0.57
533,     RT500,1.5 AC COML & DWL,500 ROUTE 2,571800,1.5
534,     RD032,4.1 AC (220' LF) & DWL,32 RICHARDS RD,1039800,4.1
535,     SD018,0.24 AC (71' LF) & COTTAGE,18 SUNRISE DR,272500,0.24
536,     PL064,1.5 AC (265' LF) & COTTAGE,64 PHELPS LANE,536400,1.5
537,     RT269,21.31 AC & COML,269 ROUTE 2,478700,21.31
538,     SS283,1.2 AC & DWL,283 SOUTH ST,318500,1.2
539,     LV015,2.0 AC & DWL,15 LAKEVIEW DR,245100,2.0
540,     TL034,25.78 AC & DWL,34 TOWN LINE RD,818200,25.78
541,     WS593,0.99 AC & DWL,593 WEST SHORE RD,355700,0.99
542,     HH027,1.08 AC & DWL,LOT #7,341000,1.08
543,     WP088,0.86 AC (100' LF) & DWL,88 WALLY'S POINT RD,400100,0.86
544,     CW016,1.72 AC & DWL,16 COLODNY,398200,1.72
545,     RD048,1.0 AC (200' LF) & DWL,48 RICHARDS RD,575500,1.0
546,     SK007,TC - TERRY TOURUS,7 SKYLAND CG,1600,0.0
547,     PI026,5.04 AC (455' LF) & COTTAGE,26 PROVIDENCE ISLAND,333800,5.04
548,     PI025,5.95 AC (400' LF),25 PROVIDENCE ISLAND,122100,5.95
549,     RT225,9.9 AC & DWL,225 ROUTE 2,242300,9.9
550,     IR036,0.86 AC (140' LF) & DWL,36 INSELHEIM RD,552900,0.86
551,     HO007,0.89 AC & DWL,7 HOCHELAGA RD,239900,0.89
552,     EC024,11.0 AC & DWL,24 EAGLE CAMP RD,334900,11.0
553,     KF071,0.22 AC (50' LF) & COTTAGE,71 KIBBE FARM RD,301200,0.22
554,     PI013,5.40 AC (670' LF),,300200,5.4
555,     RT353,173.03 AC DWL MH & FARM BLDGS,353 ROUTE 2,1106900,173.03
556,     WP009,MOBILE HOME,9 WALLY'S POINT RD,16100,0.0
557,     SS040,0.54 AC & MASONIC LODGE,40 SOUTH ST,211900,0.54
558,     WS400,5.20 AC (566.7' LF) & DWL,400 WEST SHORE RD,570600,5.2
559,     IC051,2016 KROPH,,56300,0.0
560,     MT005,0.26 AC (55' LF) & COTTAGE,5 MOTT LN,332900,0.26
561,     KP012,6.30 AC & DWL,12 KIBBE POINT RD,367700,6.3
562,     HD027,0.45 AC ( 100' LF) & DWL,27 HERITAGE DR,564200,0.45
563,     HU012,KROPH,12 HURON,28000,0.0
564,     WS134,0.53 AC (73' LF) & DWL,134 WEST SHORE RD,341600,0.53
565,     CH004,"0.56 AC (ST ""O"") & DWL",4 CHASE LANE,298700,0.56
566,     AL010,PM- KROPF,,59900,0.0
567,     WP098,1.0 AC (575' LF) & COTTAGE,98 WALLY'S POINT RD,644200,1.0
568,     WS555,3.58 AC (251.65' LF) & COTTAGE,555 WEST SHORE RD,520800,3.58
569,     CE004,1.7 AC (240' LF) & DWL,4 CEDARCLIFFS LANE,664300,1.7
570,     WS570,7.05 AC & DWL,570 WEST,379100,7.05
571,     EM002,2020 - 5TH WHEEL JAYCO,,59900,0.0
572,     WS491,3.4 AC (450' LF) & DWL,491 WEST SHORE RD,673100,3.4
573,     WS479,4.06 AC (350' LF) & DWL,479 WEST SHORE RD,2598200,4.06
574,     SB035,0.75 AC (362' LF) & COTTAGES,35 SUNSET BEACH RD,880300,0.75
575,     TL086,10.1 AC & DWL,,714500,10.1
576,     KF083,0.57 AC (150' LF) & DWL,83 KIBBE FARM RD,522200,0.57
577,     TL078,10.1 AC & DWL,78 TOWN LINE RD,757600,10.1
578,     EW003,1.1 AC (500' LF) & COTTAGE,3 ENGLEWOOD RD,621800,1.1
579,     RT337,0.85 AC & COML BLDG,337 ROUTE 2,905400,0.85
580,     AL008,PM - CHARIOT EAGLE,8 ANGLER LN,5900,0.0
581,     FL077,10.1 AC,77 FEATHERBED LN,201500,10.1
582,     SS317,1.2 AC & DWL,317 SOUTH ST,343900,1.2
583,     EC001,1.18 AC & DWL,1 EAGLE CAMP RD,206800,1.18
584,     CB025,1.6 AC (200' LF) & DW,25 CRESCENT BAY RD,969100,1.6
585,     MW096,CONDO,,335700,0.0
586,     WS091,2.6 AC (483' LF) & DWL,91 WEST SHORE RD,927600,2.6
587,     PI015,11.31 AC (950' LF) & COTTAGE,15 PROVIDENCE ISLAND,400400,11.31
588,     CW025,0.8 AC (122' LF) & COTTAGE,25 COLODNY WAY,559800,0.8
589,     FL100,2.2 AC (85' LF) & DWL,100 FEATHERBED LN,493800,2.2
590,     WL015,0.87 AC (125' LF) & DWL,15 WRIGHT LN,556300,0.87
591,     TD014,1.41 AC & DWL,,276800,1.41
592,     WS483,2.6 AC (160' LF) & COTTAGES,483 WEST SHORE RD,579300,2.6
593,     RT456,9.45 AC (906' LF) & MIXED-USE DEV.,456 ROUTE 2,1704500,9.45
594,     HE039,0.87 AC (100' LF) & DWL,39 HERON RIDGE,429900,0.87
595,     CH005,0.43 AC (87' LF) & DWL,5 CHASE LN,515500,0.43
596,     SS145,7.63 AC & DWL,145 SOUTH ST,408300,7.63
597,     HH024,1.03 AC,24 HAYCORN HOLLOW RD,438000,1.03
598,     RD058,0.68 AC (175' LF) & DWL,58 RICHARDS RD,725600,0.68
599,     FL106,0.74 AC (125' LF) & CAMP,106 FEATHERBED LN,467300,0.74
600,     SS380,1.10 AC & DWL,380 SOUTH ST,283000,1.1
601,     AP023,0.45 AC (100' LF) & DWL,23 ALLEN POINT RD,499500,0.45
602,     SS029,1.77 AC & DWL,29 SOUTH ST,406700,1.77
603,     SK017,2017 JAYCO EAGLE,,26500,0.0
604,     IC036,KROFT ISLAND SERIES PM,36 ISLAND CIRCLE,57600,0.0
605,     WS467,3.6 AC (315' LF) & DWL,467 WEST SHORE RD,1054200,3.6
606,     WP074,0.76 AC (110' LF) & COTTAGE,74 WALLY'S POINT RD,441300,0.76
607,     LR040,10.2 AC & DWL,40 LANDON RD,424100,10.4
608,     WS299,3.9 AC (830' LF),299 WEST SHORE RD,640300,3.9
609,     WS301,2.47 AC (174.9' LF) & DWL,301 WEST SHORE ROAD,894600,2.47
610,     RT307,0.49 AC & COML BLDGS,307 ROUTE 2,312500,0.49
611,     WS587,1.2 AC (100' LF) DWL & COTTAGE,587 WEST SHORE RD,741800,1.2
612,     SS189,259 AC DWLS & BLDGS,189 SOUTH ST,1348700,259.0
613,     WH050,10.0 AC & DWL,50 WHIPPLE RD,412600,10.0
614,     ES091,7.7 AC & DWL,91 EAST SHORE RD,621500,7.7
615,     WS303,3.92 AC & DWL,303 WEST SHORE RD,430400,3.92
616,     FR129,1.35 AC & DWL,129 FERRY RD,343000,1.35
617,     IW027,0.34 AC (225' LF) & DWL,27 IDLEWILD RD,621800,0.34
618,     LV076,2.88 AC & DWL,76 LAKEVIEW RD,561900,2.88
619,     WS489,2.3 AC (180' LF) & DWL,489 WEST SHORE RD,1122600,2.3
620,     KP137,3.97 AC & (291.4' LF),,989100,3.97
621,     KP140,7.08 AC (240' LF) & DWL,140 KIBBE POINT RD,1227600,7.08
622,     KL025,0.30 AC (71' LF) & DWL,25 KEELER LANE,316200,0.3
623,     MW094,CONDO,,335700,0.0
624,     SW016,10.1 AC & DWL,16 SWEENEY FARM RD,872300,10.1
625,     KF023,1.38 AC (339' LF) & DWL,23 KIBBE FARM RD,833500,1.38
626,     WS543,1.1 AC (100' LF) & DWL,543 WEST SHORE RD,504100,1.1
627,     ES146,12.7 AC & DWL,146 EAST SHORE RD,581200,12.7
628,     ES134,52.82 AC (603' LF) & DWLS,134 EAST SHORE RD,1157400,52.82
629,     RD044,2.05 AC (200' LF) & DWL,44 RICHARDS RD,833100,2.05
630,     EA016,2010 KROPF,,23200,0.0
631,     SS229,1.32 AC & DWL,229 SOUTH ST,251200,1.32
632,     WR046,2.2 AC (250'LF) & DWL,46 WINDRIDGE RD,588800,2.2
633,     CW053,1.62 AC (256' LF) & COTTAGE,53 COLODNY WAY,788800,1.62
634,     RT567,10.1 AC & DWL,567 ROUTE 2,419100,10.1
635,     CS013,0.21 AC & DWL,13 CEDAR ST,185300,0.21
636,     RT394,0.56 AC & DWL,394 ROUTE 2,254500,0.56
637,     SS384,"1.0 AC (ST ""S"") & DWL",384 SOUTH ST,354500,1.0
638,     SS007,0.46 AC & DWL,7 SOUTH ST,204700,0.46
639,     KF011,219.14 AC (1791' LF) DWLS & FARM BLDGS,9 KIBBE FARM RD,2281000,219.14
640,     SH009,5.11 AC (25' LF) & DWL,9 SANDBAR HEIGTHS DR,393600,5.11
641,     IC035,PM - QUAILRIDGE/COBRA,35 ISLAND CIRCLE,8700,0.0
642,     WS150,1.3 AC (100' LF),150 WEST SHORE RD,234300,1.3
643,     WS153,121.83 AC (284' LF) & DWL,153 WEST SHORE RD,1459600,121.83
644,     LV034,39.08 AC & DWL,34 LAKEVIEW RD,378500,39.08
645,     SK003,TC - PROWLER,,4600,0.0
646,     RT150,20.2 AC & DWL,150 ROUTE 2,667300,20.2
647,     LD028,0.04 AC,28 LAKE DRIVE,2000,0.04
648,     SS376,"8.96 AC (ST ""Q & R"") & DWL",376 SOUTH ST,390100,8.96
649,     KF089,2.2 AC (625' LF) & COTTAGES,89 KIBBE FARM RD,872800,2.2
650,     ES113,10.03 AC & DWL,113 EAST SHORE RD,1254200,10.03
651,     TB017,10.99 AC,17 TURTLE BAY LN,159400,10.99
652,     KP007,.73 AC & DWL,7 KIBBE POINT RD,221000,0.73
653,     FL081,10.1 AC & DWL,81 FEATHERBED LN,541800,10.1
654,     FL074,1.8 AC & DWL,74 FEATHERBED LN,334000,1.8
655,     IC049,2019 KROPH,,52900,0.0
656,     IC061,PM - SENTINAL,61 ISLAND CIRCLE,13100,0.0
657,     LA005,1.08 AC (100' LF) & DWL INCL LA001,5 LAVIGNE RD,791000,1.08
658,     GU002,PM - HAMPTON/ SEBRING,2 GULL LN,7100,0.0
659,     RT275,101.6 AC,275 ROUTE 2,470400,101.6
660,     WP066,0.6 AC (150' LF) & DWL,66 WALLY'S POINT RD,594600,0.6
661,     WH024,1.3 AC & DWL,24 WHIPPLE RD,213400,1.3
662,     BS014,0.32 AC (40' LF) & COTTAGE,14 BITTERSWEET LN,186800,0.32
663,     RT253,183.24 AC DWLS & FARM BLDGS,253 ROUTE 2,840900,183.24
664,     RT335,25.0 AC,335 ROUTE 2,189000,25.0
665,     CD024,0.53 AC (120' LF) & 3 COTTAGES,24 CARDINAL LN,393000,0.53
666,     HR047,1.49 AC & DWL,47 HILL RD,527700,1.49
667,     SS305,10.5 AC & DWL,305 SOUTH ST,358200,10.5
668,     RT251,MOBILE HOME,251 ROUTE 2,27000,0.0
669,     WS448,1.3 AC & DGR,448 WEST SHORE RD,218800,1.3
670,     JC007,0.10 E/PM - SAND CASTLE,7 JONATHAN CIRCLE,69800,0.0
671,     WH085,10.11 AC & DWL,85 WHIPPLE RD,350800,10.11
672,     RT476,1.4 AC & DWL,476 ROUTE 2,238500,1.4
673,     SV055,18.11 AC & DWL,55 SUNSET VIEW RD,271100,18.11
674,     WS433,1.58 AC (212' LF) & COTTAGE,433 WEST SHORE RD,581300,1.58
675,     RT250,0.75 AC & DWL,250 ROUTE 2,220300,0.75
676,     PR015,4.0 AC (850' LF) & DWL,15 PARTRIDGE RD,1652500,4.0
677,     WS243,4.13 AC (154' LF) & DWL,243 WEST SHORE RD,1197700,4.13
678,     JC005,TT-MONTANA FIFTH WHEEL,,45900,0.0
679,     PK022,CHARIOT EAGLE,22 PIKE CIRCLE,10600,0.0
680,     FC015,1.2 AC (15' LF) & DWL,15 FOX CROSSING RD,464500,1.2
681,     RT513,4.5 AC & COML,513 ROUTE 2,532600,4.5
682,     HU006,2009 KROPF,6 HURON LN,23500,0.0
683,     SK013,TC -HOLIDAY RAMBLER,13 SKYLAND CG,15400,0.0
684,     SV028,73.65 AC & (75' LF) & DWL,28 SUNSET VIEW RD,776600,73.65
685,     EM007,0.13 E/PM -RESIDENTIAL BY KEYSTONE,7 EMPIRE CIRCLE,109600,0.0
686,     SS151,1.05 AC & DWL,151 SOUTH ST,217400,1.05
687,     WS269,6.0 AC (1200' LF) & COTTAGE,269 WEST SHORE RD,908600,6.0
688,     JC001,0.13 E/PM - CHARIOT EAGLE,1 JONATHAN CIRCLE,69300,0.0
689,     JC013,PM - CANTERBURY,13 JONATHAN CIRCLE,9100,0.0
690,     HR017,1.02 AC & DWL,17 HILL RD,332700,1.02
691,     WS547,1.1 AC (100' LF) & COTTAGE,547 WEST SHORE RD,694300,1.1
692,     CO028,5.0 AC (251' LF) & DWL,28 COLONEL ALLEN DR,807000,5.0
693,     WH052,4.25 AC & DWL,52 WHIPPLE RD,338300,4.25
694,     SD022,0.17 AC (70' LF) & COTTAGE,22 SUNRISE DR,298900,0.17
695,     PL019,10.1 AC & DWL,19 PHELPS LANE,348800,10.1
696,     SH006,1.07 AC & DWL,6 SANDBAR HEIGHTS DR,302400,1.07
697,     SS279,1.01 AC & DWL,279 SOUTH ST,303000,1.01
698,     BV008,0.68 AC (100'LF) & DWL,8 BAY VIEW RD,316700,0.68
699,     EW008,0.32 AC (125' LF) & COTTAGE,8 ENGLEWOOD RD,401800,0.32
700,     SW041,10.1 AC (217' LF) & DWL,41 SWEENEY FARM RD,1541600,10.1
701,     RT059,3.7 AC (640' LF) & BLDGS,59 ROUTE 2,533900,3.7
702,     CD022,0.45 AC (90' LF) & DWL,22 CARDINAL LN,382800,0.45
703,     KL019,1.57 AC (117'LF) DWL & CAMP,19 KEELER LANE,453000,1.57
704,     HU024,PM KROPF,24 HURON LN,24800,0.0
705,     ES093,"35.0 AC (2,355' LF)",93 EAST SHORE RD,1065800,35.0
706,     WS260,13.5 AC & DWL,260 WEST SHORE RD,277000,13.5
707,     WS270,3.3 AC & DWL,270 WEST SHORE RD,266500,3.3
708,     WS272,1.81 ACRES AKA SAW MILL LOT,272 WEST SHORE RD,47000,1.81
709,     FC019,3.4 AC (115' LF) & DWL,19 FOX CROSSING RD,922900,3.4
710,     SR127,13.1 AC & 2 APT BLDGS,125 STATION RD,481000,13.1
711,     WS148,0.33 AC (100'LF) & DWL,148 WEST SHORE RD,294600,0.33
712,     EM016,PM - KROPF/WEDGEWOOD,16 EMPIRE CIRCLE,5900,0.0
713,     SS350,2.0 AC & DWL,350 SOUTH ST,234700,2.0
714,     WS545,1.1 AC (100' LF) & DWL,545 WEST SHORE RD,641100,1.1
715,     HW003,2.52 AC & DWL,3 HOLLOW ROCK RD,376100,2.52
716,     WS245,2.6 AC (176'LF) & DWL,245 WEST SHORE RD,631800,2.6
717,     WS417,1.2 AC (570'LF) & DWL,,579300,1.2
718,     WS419,1.1 AC (170'LF) & DWL,,480000,1.1
719,     HD017,10.0 AC (46' LF) DWL & COTTAGE,17 HERITAGE DR,587700,10.0
720,     BA009,1.08 AC & DWL,9 BAKER LN,205900,1.08
721,     RT549,13.7 AC & DWL,549 ROUTE 2,322200,13.7
722,     AP007,"0.76 AC ( ST ""U"" & ""V"") & DWL",7 ALLEN POINT RD,337800,0.76
723,     EA020,PM - FRANKLIN,20 EAGLE LN,10000,0.0
724,     LD020,0.25 AC & MH,20 LAKE DRIVE,91100,0.25
725,     SD030,0.48 AC (70' LF) & DWL,30 SUNRISE DR,428300,0.48
726,     IS007,1.88 AC & DWL,7 IODINE SPRINGS ST,259800,1.88
727,     WS098,50.44 AC & 2 FAM,98 WEST SHORE RD,417500,50.44
728,     LA006,0.95 AC (270' LF) & DWL,6 LAVIGNE RD,600200,0.95
729,     HL034,1.54 AC (200'LF) & DWL,34 HALL RD,793800,1.54
730,     PK011, BRECKENRIDGE,11 PIKE CIRCLE,12700,0.0
731,     RT276,0.75 AC & DWL,276 ROUTE 2,197800,0.75
732,     RT290,0.61 AC DWL,290 ROUTE 2,268200,0.61
733,     CE008,1.0 AC (160'LF) & DWL,8 CEDARCLIFF LN,857800,1.0
734,     SK010,CONQUEST BY GULF STREAM,10 SKYLAND CG,13900,0.0
735,     KP125,66.0 AC (1200' LF) & DWL,125 KIBBE POINT RD,2963200,66.0
736,     DL005,3.0 AC & DWL,5 DUBUQUE LN,315000,3.0
737,     SS070,1.39 AC,70 SOUTH ST,79900,1.39
738,     SS068,1.0 AC & DWL,68 SOUTH ST,231100,1.0
739,     RT595,144.2 OF 149.7AC & FARM,595 ROUTE 2,1255300,144.2
740,     SS183,FARM BLDGS,,14800,0.0
741,     WS474,1.8 AC & DWL,474 WEST SHORE RD,229800,1.8
742,     SS017,0.62 AC & DWL,17 SOUTH ST,271000,0.62
743,     WP094,0.16 AC (70' LF) & COTTAGE,94 WALLY'S POINT RD,230900,0.16
744,     FL118,2.9 AC (575' LF) & COTTAGES,118 FEATHERBED LN,679500,2.9
745,     IW037,0.27 AC (88' LF) & DWL,37 IDLEWILD RD,374200,0.27
746,     CO007,3.1 AC,7 COLONEL ALLEN DR,65600,3.1
747,     RS011,0.40 AC & DW,11 RAILROAD ST,174000,0.4
748,     RT325,0.09 AC,325 ROUTE 2,3800,0.09
749,     SS022,0.53 AC & DWL,22 SOUTH ST,232600,0.53
750,     LR161,11.0 AC & DW,161 LANDON RD,315700,11.0
751,     WL017,0.72 AC (125' LF) & DWL,17 WRIGHT LN,525500,0.72
752,     SV040,1.80 AC & DWL,,467300,1.8
753,     IR042,1.6 AC (270' LF) & DWL,42 INSELHEIM RD,627300,1.6
754,     WH040,5.27 AC & DWL,40 WHIPPLE RD,344900,5.27
755,     CL027,0.73 AC (50' LF) & COTTAGE,27 CARTER LN,296200,0.73
756,     RC002,MALLARD,2 ROME COURT,12800,0.0
757,     SD016,0.22 AC (75' LF) & COTTAGE,16 SUNRISE DR,281000,0.22
758,     KF061,0.13 AC (37' LF) & COTTAGE,61 KIBBE FARM RD,216800,0.13
759,     KF063,0.13 AC (37' LF) & COTTAGE,63 KIBBE FARM RD,229700,0.13
760,     SH005,1.0 AC & DWL,5 SANDBAR HEIGTHS DR,233400,1.0
761,     RS002,0.26 AC & MH,2 RAILROAD ST,153500,0.26
762,     PK002,CHARIOT EAGLE,2 PIKE CIRCLE,11100,0.0
763,     MP010,1.57 AC (200' LF) & DWL,10 MELCHER PLACE,729900,1.57
764,     EM022,PM - FRANKLIN/ROYAL,22 EMPIRE CIRCLE,8300,0.0
765,     SS002,0.88 AC & BANK,2 SOUTH ST,575900,0.88
766,     ML021,4.75 AC & DWL,21 MAPLE RIDGE LN,338000,4.75
767,     PS007,0.30 AC (70' LF) & CAMP,7 PINE ST,274100,0.3
768,     IC047,2016 KROPH,,53400,0.0
769,     TB006,2.45 AC & DWL,,571600,2.45
770,     KB013,1.4 AC (206' LF) DWL & COTTAGES,13 KEELER BAY RD,636300,1.4
771,     SL006,PM - KROPF,6 SALMON LN,17700,0.0
772,     PK009,0.19 E/PM - WOODLAND PARK,9 PIKE CIRCLE,82600,0.0
773,     TR012,0.89 AC & DWL,12 TRACY RD,144300,0.89
774,     IC045,KROPF,45 ISLAND CIRCLE,25200,0.0
775,     HR004,0.33 AC & MH,4 HILL RD,115600,0.33
776,     RT260,COMMERCIAL CONDOS,260 ROUTE 2,80000,7.18
777,     WP078,1.39 AC (170'LF) & DWL,78 WALLY'S POINT RD,676600,1.39
778,     EM042,2016 KROPF,,39600,0.0
779,     SV041,1.4 AC & DWL,41 SUNSET VIEW RD,279300,1.4
780,     SS120,1.37 AC & DWL,120 SOUTH ST,234100,1.37
781,     RT452,0.36 AC & DWL,452 ROUTE 2,233400,0.36
782,     RT460,1.0 AC & DWL,460 ROUTE 2,190500,1.0
783,     RT468,1.0 AC & DWL,468 ROUTE 2,228700,1.0
784,     PI020,5.31 AC (380' LF),20 PROVIDENCE ISLAND,171200,5.31
785,     FC023,10.61 AC & DWL,23 FOX CROSSING RD,541300,10.61
786,     SS130,1.37 AC & DWL,130 SOUTH ST,342600,1.37
787,     CS009,0.39 AC & DWL,9 CEDAR ST,284400,0.39
788,     WS561,4.9 AC (330' LF) & DWL,561 WEST SHORE RD,1057300,4.9
789,     KP120,10.7 AC & DWL,120 KIBBE POINT RD,394500,10.7
790,     SB027,0.49 AC (100' LF) & COTTAGE,27 SUNSET BEACH RD,376000,0.49
791,     FL083,1.0 AC & DWL,83 FEATHERBED LANE,462600,1.0
792,     ES095,32.0 AC (1385' LF) & DWL,95 EAST SHORE RD,1474900,32.0
793,     GL043,LCE #2 - 1.6 AC (232' LF) & COTTAGES,43 GIFFORD LN,648200,1.6
794,     PC002,PM KROPF,2 PERCH CIRCLE,19700,0.0
795,     SS342,2.56 AC & DWL,342 SOUTH ST,252900,2.56
796,     PK020,PM - CHARIOT EAGLE,20 PIKE CIRCLE,9700,0.0
797,     SK005,2018 -5TH ISLAND RIDGE LITE,5 SKYLAND CG,26400,0.0
798,     DH016,3.94 AC & DWL,16 DAVIS HILL RD,327100,3.94
799,     SD032,0.65 AC (100' LF) & COTTAGE,32 SUNRISE DR,421100,0.65
800,     HH003,1.0 AC & DWL,3 HAYCORN HOLLOW RD,173800,1.0
801,     HH026,1.02 AC & DWL,,366500,1.02
802,     AP012,"1.13 AC (ST ""B"") & DWL",12 ALLEN POINT RD,267800,1.13
803,     WS013,1.84 AC & DWL,13 WEST SHORE RD,257700,1.84
804,     WS345,1.6 AC (200' LF) & COTTAGE,345 WEST SHORE RD,442200,1.6
805,     TR043,7.11 AC & DWL,43 TRACY RD,245000,7.11
806,     MD010,10.0 AC & DWL,10 MEADOW LN,228300,10.0
807,     SS062,2.0 AC & DWL,62 SOUTH ST,256300,2.0
808,     FR139,0.96 AC & DWL,139 FERRY RD,239800,0.96
809,     LR078,6.15 AC & DWL,78 LANDON RD,325600,6.15
810,     LR080,4.3 AC,80 LANDON RD,93000,4.3
811,     RT058,0.39 AC & SLIPS,,120000,0.39
812,     RT092,2.01 AC,92 ROUTE 2,102800,2.01
813,     RT295,5.0 AC & COML BLDG,295 ROUTE 2,434300,5.0
814,     HR007,2.1 AC & DWL,7 HILL RD,406200,2.1
815,     ML027,2.0 AC & DWL,27 MAPLE RIDGE LN,509900,2.0
816,     SV016,1.25 AC & DWL,,371700,1.25
817,     GU004,PM - BRECKENRIDGE,4 GULL LN,9800,0.0
818,     IC014,0.13 E/PM - FRANKLIN,14 ISLAND CIRCLE,77200,0.0
819,     MT021,0.14 AC (59' LF) & COTTAGE,21 MOTT LN,207100,0.14
820,     IW043,0.67 AC (525' LF) & COTTAGE,43 IDLEWILD RD,427400,0.67
821,     SS396,0.35 AC (85' LF) & MH,396 SOUTH ST,334100,0.35
822,     RT542,4.7 AC & DWL,542 ROUTE 2,589300,4.7
823,     SS398,"6.1 AC (1020' LF) DWL, MH & CPGD",398 SOUTH ST,971600,6.1
824,     FL040,0.71 AC (100' LF) & DWL,40 FEATHERBED LN,438300,0.71
825,     LV028,0.69 AC & DWL,28 LAKEVIEW DR,321300,0.69
826,     SS302,1.1 AC & DWL,302 SOUTH STREET,378000,1.1
827,     ES020,169.7 AC DWL & FARM BLDGS,20 EAST SHORE RD,873000,169.7
828,     WH020,9.77 AC & DWL,20 WHIPPLE RD,329700,9.77
829,     SS045,9.2 AC & DWL,45 SOUTH ST,435300,9.2
830,     EA023,PM - WOODLAND PARK,23 EAGLE LN,6300,0.0
831,     HR042,0.49 AC (116' LF) & DWL,42 HILL RD,485600,0.49
832,     JS018,10.69 AC & DWL,18 JOHN STARK RD,844000,10.69
833,     CH002,"0.54 AC (ST ""X"") & DWL",2 CHASE LANE,325200,0.54
834,     ES139,4.6 AC (345' LF) & DWL,139 EAST SHORE RD,1146500,4.6
835,     PB069,0.14 AC SITE,,942000,0.14
836,     RS007,0.34 AC & DWL,7 RAILROAD ST,193600,0.34
837,     SD024,0.2 AC (71' LF) & DWL,24 SUNRISE DR,348900,0.2
838,     KB010,1.1 AC & DWL,10 KEELER BAY RD,252600,1.1
839,     CW018,1.11 AC & DWL,18 COLODNY WAY,327500,1.11
840,     OB048,5.4 AC (505' LF) & 16 COTTAGES,48 OUTER BAY WAY,1933000,5.4
841,     RT584,14.1 AC & DWL,584 ROUTE 2,275100,14.1
842,     MR045,0.60 AC & STUDIO,45 MARTIN RD,90400,0.6
843,     SB065,0.36 AC (125' LF) & DWL,65 SUNSET BEACH RD,583300,0.36
844,     RT362,0.82 AC & DWL,362 ROUTE 2,180100,0.82
845,     GL039,0.78 AC (120' LF) & DWL,39 GIFFORD LANE,521700,0.78
846,     LD039,0.67 AC (80' LF) & COTTAGES,39 LAKE DR,377100,0.67
847,     BL043,39.12 AC (640' LF) & COTTAGES,43 BUERMANN LN,881400,39.12
848,     PI022,4.52 AC (450' LF),22 PROVIDENCE ISLAND,185700,4.52
849,     MW056, 1.32 AC DWL,56 MABLE WAY,277900,1.32
850,     LV095,14.11 AC & DWL,95 LAKEVIEW RD,267200,14.11
851,     RT580,2.59 AC & DWL,580 ROUTE 2,210100,2.59
852,     GL051,0.8 AC (225' LF) & DWL,51 GIFFORD LANE,531700,0.8
853,     SW018,10.1 AC & DWL,18 SWEENEY FARM RD,693100,10.1
854,     MS013,10.1 AC & DWL,13 MINISTRY LANE,494400,10.1
855,     CW041,0.82 AC (99' LF) & DWL,41 COLODNY WAY,646100,0.82
856,     WH022,1.7 AC & DWL,22 WHIPPLE RD,310900,1.7
857,     MR039,0.22 AC & COTTAGE,39 MARTIN RD,112800,0.22
858,     LR159,12.21 AC & DWL,159 LANDON RD,422800,12.21
859,     SR044,1.95 AC & DWL,44 STATION RD,193700,1.95
860,     KL017,1.09 AC (181' LF) & DWL,17 KEELER LANE,432700,1.09
861,     RT215,2.98 AC,215 VT ROUTE 2,60700,2.98
862,     KF069,0.11 AC ( 65' LF) & COTTAGE,69 KIBBE FARM RD,244600,0.11
863,     HL038,1.54 AC (200' LF),38 HALL RD,415300,1.54
864,     PL057,6.9 AC (150.42' LF) & DWL,57,622000,6.9
865,     SS367,3.1 AC & DWL,367 SOUTH ST,281600,3.1
866,     FL066,1.5 AC (310' LF) & DWL,66 FEATHERBED LN,751500,1.5
867,     TR031,1.0 AC & SHOP,31 TRACY RD,133500,1.0
868,     RR002,1.0 AC & DWL,2 ROY'S RIDGE RD,231600,1.0
869,     RT470,0.48 AC & DWL,470 ROUTE 2,190100,0.48
870,     LR064,49.46 AC & DWLS,64 LANDON RD,863200,49.46
871,     RT366,0.86 AC & DWL,366 ROUTE 2,224100,0.86
872,     MD025,5.54 AC & DWL,25 MEADOW LN,434000,5.54
873,     LL090,2.5 AC (400' LF) & DWL,90 LOMBARD LN,1141800,2.5
874,     LL072,0.35 AC (100' LF),72 LOMBARD LANE,95300,0.35
875,     TL042,6.1 AC & DWL,42 TOWN LINE RD,272000,6.1
876,     SD014,0.42 AC (50' LF) & DWL,14 SUNRISE DR,332200,0.42
877,     SS220,2.3 AC & DWL,220 SOUTH ST,279500,2.3
878,     TR044,2.0 AC,,47500,2.0
879,     WH026,1.86 AC & DWL,26 WHIPPLE RD,259300,1.86
880,     IC039,PM KROPF,39 ISLAND CIRCLE,18800,0.0
881,     EA017,PM - BRECKENRIDGE,17 EAGLE LN,7500,0.0
882,     SS072,9.6 AC & DWL,72 SOUTH ST,357000,9.6
883,     KN107,1.9 AC & DWL,,463800,1.9
884,     HO015,2.0 AC & DWL,15 HOCHELAGA RD,263200,2.0
885,     SS333,10.2 AC & DWL,333 SOUTH ST,296100,10.2
886,     WS586,2.7 AC & DWL,586 WEST SHORE RD,443700,2.7
887,     CS002,0.25 AC,2 CEDAR ST,20000,0.25
888,     RS005,0.34 AC & DWL,5 RAILROAD ST,154800,0.34
889,     FR021,0.97 AC & DWL,21 FERRY RD,185900,0.97
890,     LV085,18.95 AC & DWL,85 LAKEVIEW RD,363700,18.95
891,     TR035,0.32 AC & TRIPLEX,35 TRACY RD,232800,0.32
892,     RW026,.14 AC & DWL,,755000,0.14
893,     KN123,1.39 AC & DWL,,281200,1.39
894,     WS063,12.71 AC & DWL,63 WEST SHORE RD,707600,12.71
895,     FR019,15.21 AC & DWL,19 FERRY RD,631100,15.21
896,     PI019,5.55 AC (490' LF) & COTTAGE,19 PROVIDENCE ISLAND,381000,5.55
897,     FR137,0.87 AC & DWL,137 FERRY RD,202600,0.87
898,     MR051,0.30 AC & DWL,51 MARTIN RD,196100,0.3
899,     ES070,30.42 AC - 3 LOTS,70 EAST SHORE RD,346100,30.42
900,     ES121,47.16 AC & 1473' LF,121 EAST SHORE RD,1197500,47.16
901,     RT608,0.94 AC & DWL,608 ROUTE 2,180900,0.94
902,     SS041,.96 AC & DWL,41 SOUTH ST,211500,0.96
903,     WS130,9.49 AC (510' LF) & DWL,130 WEST SHORE RD,592400,9.49
904,     HR022,2.12 AC & DWL,22 HILL RD,575700,2.12
905,     RT238,8.4 AC & DWL,238 ROUTE 2,305700,8.4
906,     SS021,1.05 AC & DWL,21 SOUTH ST,229000,1.05
907,     WS551,3.23 AC (254.26' LF) & DWL,551 WEST SHORE RD,616600,3.23
908,     AL012,KROPF 2017,,50400,0.0
909,     SS346,10.09 AC & DWL,346 SOUTH ST,610100,10.09
910,     SB029,0.23 AC (50' LF) & COTTAGE,29 SUNSET BEACH RD,275300,0.23
911,     SS393,"0.68 AC (ST ""G"") & DWL",393 SOUTH ST,361300,0.68
912,     RT485,1.5 AC & DWL,485 ROUTE 2,195500,1.4
913,     SS320,13.8 AC (370' LF) & DWL,320 SOUTH ST,2169400,13.8
914,     SB045,0.40 AC (125' LF) & COTTAGE,45 SUNSET BEACH RD,401800,0.4
915,     PL039,10.53 AC & DWL,39 PHELPS LN,289800,10.53
916,     WS565,3.2 AC (250' LF) DWL INCL WS567,565 WEST SHORE RD,1812600,3.2
917,     PR011,8.0 AC (195' LF) & DWL,11 PARTRIDGE RD,630000,8.0
918,     TL006,0.23 AC & DWL,6 TOWN LINE RD,127300,0.23
919,     WS201,1.8 AC & DWL,201 WEST SHORE RD,149600,1.8
920,     MT017,0.19 AC (65 ' LF) & COTTAGE,17 MOTT LN,291200,0.19
921,     HR032,3.66AC (306' LF) & COTTAGES INCL HR040,32 HILL RD,1252500,3.66
922,     RT634,6.08 AC & DWL,634 ROUTE 2,218500,6.08
923,     FR007,0.95 AC & COML BLDG,7 FERRY ROAD,302100,0.95
924,     HL016,1.94 AC (200'LF) & DWL,16 HALL RD,757500,1.94
925,     SD042,6.55 AC (80' LF) & MH,42 SUNRISE DR,349600,6.55
926,     SB081,0.14 AC (50' LF) & COTTAGE,81 SUNSET BEACH RD,261500,0.14
927,     LV103,10.61 AC & DWL,103 LAKEVIEW RD,301700,10.61
928,     SW043,1.4 AC (1020' LF) & COTTAGE,43 SWEENEY FARM RD,530600,1.4
929,     TB008,1.31 AC & DWL,,172500,1.31
930,     HO021,10.1 AC & DWL,21 HOCHELAGA RD,391400,10.1
931,     SD008,4.49 AC (246' LF) & DWL,8 SUNRISE DR,807600,4.49
932,     LE028,0.49 AC (90' LF) & DWL,28 LANDS END WAY,512300,0.49
933,     CL039,0.75 AC (120' LF) & COTTAGE,39 CARTER LANE,377300,0.75
934,     IC059,PM - CHARIOT EAGLE,59 ISLAND CIRCLE,9300,0.0
935,     HE036,0.95 AC & DWL,36 HERON RIDGE,347400,0.95
936,     SS138,1.5 AC & DWL,138 SOUTH ST,375900,1.5
937,     SS081,31.9 AC & DWL,81 SOUTH ST,535700,31.9
938,     WP093,0.60 AC (100' LF),93 WALLY'S POINT RD,192600,0.6
939,     TR006,0.9 AC & DWL,6 TRACY RD,191300,0.9
940,     RT348,1.1 AC & COML,348 ROUTE 2,485300,1.1
941,     RT350,0.5 AC & DWL,350 ROUTE 2,358200,0.5
942,     HR015,0.88 AC & DWL,15 HILL RD,292600,0.88
943,     LV077,7.08 AC & DWL,77 LAKEVIEW ROAD,464200,7.08
944,     RT354,0.43 AC & DWL,354 ROUTE 2,204200,0.43
945,     RT344,0.52 AC & DWL,344 ROUTE 2,209800,0.52
946,     RT342,0.61 AC & DWL,342 ROUTE 2,270700,0.61
947,     WS089,42.28 AC; LOTS 1 & 2,89 WEST SHORE RD,577700,42.28
948,     AP024,1.88 AC (100' LF) & DWL,24 ALLEN POINT RD,529900,1.88
949,     WS204,2.1 AC & DWL,204 WEST SHORE RD,307000,2.1
950,     IC016,0.17 E/PM - CHARIOT EAGLE,16 ISLAND CIRCLE,80400,0.0
951,     EC012,10.75 AC & DWL,12 EAGLE CAMP RD,246500,10.75
952,     RT291,1.9 AC & DWL/COML,291 ROUTE 2,356900,1.9
953,     RT479,2.7 AC & DWL,479 ROUTE 2,373600,2.7
954,     PC012,PM - SHASTA,12 PERCH CIRCLE,7400,0.0
955,     FL079,10.1 AC & DWL,79 FEATHERBED LN,523600,10.1
956,     SR050,1.9 AC & DWL,50 STATION RD,220400,1.9
957,     CT044,3.25 AC (320' LF) & DWL,44 CONTENTMENT LN,707100,3.25
958,     HH025,1.10 AC & DWL,25 HAYCORN HOLLOW RD,508400,1.1
959,     LV029,76.0 AC MH & FARM BLDGS,29 LAKEVIEW RD,476500,76.0
960,     RR004,73.32 AC & DWL,4 ROY'S RIDGE RD,538500,73.32
961,     TR028,1.15 AC & MH,28 TRACY RD,104000,1.15
962,     RR005,1.08 AC & DW,5 ROY'S RIDGE RD,168500,1.08
963,     TR034,1.1 AC & DWL,34 TRACY RD,231300,1.1
964,     WP084,0.82 AC (100' LF) & COTTAGE,84 WALLY'S POINT RD,331100,0.82
965,     PC009,PM - FRANKLIN,9 PERCH CIRCLE,7200,0.0
966,     FR025,2.5 AC & DWL,25 FERRY RD,196500,2.5
967,     KF051,0.55 AC (160' LF) & COTTAGE,51 KIBBE FARM RD,405200,0.55
968,     RT051,0.21 AC (80' LF) & DWL,51 ROUTE 2,326200,0.21
969,     RT532,4.04 AC,532 ROUTE 2,102600,4.04
970,     PL006,1.92 AC & DWL,,303500,1.92
971,     CI002,7.4 AC (CEDAR ISLAND) & COTTAGES,2 CEDAR ISLAND,1296900,7.4
972,     KP011,0.37 AC & DWL,11 KIBBE POINT RD,250200,0.37
973,     TL074,10.1 AC & DWL,74 TOWN LINE ROAD,537700,10.1
974,     EA024,PM - CASAVILLA,24 EAGLE LN,7800,0.0
975,     KF055,0.53 AC (150' LF) & DWL,55 KIBBE FARM RD,480400,0.53
976,     EW010,0.32 AC (125' LF) & COTTAGE,10 ENGLEWOOD RD,402300,0.32
977,     TB012,1.45 AC &  DWL,,563000,1.45
978,     FR091,10.82 AC & DW,91 FERRY RD,198400,10.82
979,     SS330,11.20 AC,330 SOUTH ST,161800,11.2
980,     GL035,0.54 AC (85' LF) & COTTAGE,35 GIFFORD LN,483200,0.54
981,     WH062,3.77 AC & DWL,62 WHIPPLE RD,292700,3.77
982,     WH074,5.48 AC DWL & SHOP,74 WHIPPLE RD,281100,5.48
983,     WH060,2.29 AC & DWL,,354200,2.29
984,     EA011,2011 KROPF,11 EAGLE LN,18000,0.0
985,     EM020,0.10 EASEMENT & KROPH,20 EMPIRE CIRCLE,110300,0.0
986,     HE051,0.82 AC (110' LF) & COTTAGE,51 HERON RIDGE,414100,0.82
987,     WI039,1.9 AC (SAWYER ISLAND) & COTTAGE,39 SAWYER ISLAND,363600,1.9
988,     WL023,0.48 AC (100' LF) & GAR,23 WRIGHT LN,342100,0.48
989,     SS237,1.53 AC & DWL,237 SOUTH ST,249700,1.53
990,     WS058,11.99 AC & DWL,58 WEST SHORE RD,247800,11.99
991,     WP076,6.81 AC ( 90' LF) & MH,76 WALLY'S POINT RD,431200,6.81
992,     JS031,10.42 AC & DWL,31 JOHN STARK RD,178300,10.42
993,     DW003,PM - HAMPTON,3 DRIFTWOOD LN,19400,0.0
994,     PL031,10.1 AC,31 PHELPS LN,185400,10.1
995,     TR030,1.0 AC & DWL,30 TRACY RD,238400,1.0
996,     LE026,0.57 AC (90' LF) & COTTAGE,26 LANDS END WAY,484900,0.57
997,     WS550,0.45 AC & DWL,550 WEST SHORE RD,145600,0.45
998,     CW020,1.01 AC & DWL,20 COLODNY WAY,407500,1.01
999,     FL102,10.1 AC (645' LF) & DWL,102 FEATHERBED LN,1121800,10.1
1000,     KF049,0.87 AC (215' LF) & COTTAGES,49 KIBBE FARM RD,443800,0.87
1001,     PF002,0.55 AC & DWL,2 PETERS FARM RD,194000,0.55
1002,     MB002,0.96 AC (200' LF) & DWL,2 MCBRIDE LN,357700,0.96
1003,     PC004,PM - FRANKLIN/ROYAL,4 PERCH CIRCLE,7200,0.0
1004,     IC033,PM - FRANKLIN,,9800,0.0
1005,     ES147,2.2 AC (280' LF) & DWL,147 EAST SHORE RD,831500,2.2
1006,     HO063,9.2 AC (815' LF),63 HOCHELAGA RD,37200,9.2
1007,     MR055,0.08 AC,55 MARTIN RD,4000,0.08
1008,     IC063,PM - KROPF,63 ISLAND CIRCLE,25500,0.0
1009,     BS006,0.57 AC (130' LF) & COTTAGE,6 BITTERSWEET LN,354200,0.57
1010,     CT046,7.7 AC (690' LF) & DWL,46 CONTENTMENT LN,539700,7.7
1011,     SS014,0.75 AC & DWL,14 SOUTH ST,215200,0.75
1012,     WS331,0.32 AC (85' LF) & CAMP,331 WEST SHORE RD,374100,0.32
1013,     WS335,4.9 AC (245' LF) & COTTAGE,335 WEST SHORE RD,560500,4.9
1014,     MD009,2.71 AC & DWL,9 MEADOW LANE,260300,2.71
1015,     FL014,8.33 AC (398' LF) & DWL,14 FEATHERBED LN,1103900,8.33
1016,     WS212,1.0 AC & DWL,212 WEST SHORE RD,163700,1.0
1017,     WS213,1.0 AC & DWL,213 WEST SHORE RD,247100,1.0
1018,     FR142,0.81 AC & DWL,142 FERRY RD,304200,0.81
1019,     GL033,1.0 AC (125' LF) &  DWELLING,33 GIFFORD LANE,473900,1.0
1020,     CW051,0.77 AC (92' LF),51 COLODNY WAY,320400,0.77
1021,     NR041,0.66 AC (168' LF),41 NARROWS RD,363700,0.66
1022,     NR071,2.16 AC (200' LF),71 NARROWS RD,95700,2.16
1023,     KB020,0.46 AC (240' LF) & DWL,20 KEELER'S BAY RD,440300,0.46
1024,     EA018,2012 KROPF,18 EAGLE LN,20500,0.0
1025,     TB014,1.8 AC (101' LF) & DWL,14 TURTLE BAY LN,600600,1.8
1026,     CB029,0.45 AC (100' LF) & COTTAGE,29 CRESCENT BAY RD,417300,0.45
1027,     LV109,10.23 AC & DWL,109 LAKEVIEW RD,292800,10.23
1028,     WS546,10.4 AC & DWL,546 WEST SHORE RD,306600,10.4
1029,     FR001,1.2 AC & COML,1 FERRY RD,463500,1.2
1030,     SB083,0.29 AC (100' LF) & DWL,83 SUNSET BEACH RD,353800,0.29
1031,     CT032,1.11 AC & DWL,32 CONTENTMENT LN,272900,1.11
1032,     RT282,1.6 AC & DWL,282 ROUTE 2,223100,1.6
1033,     TD003,6.64 AC & DWL,3 TOURVILLE DR,476600,6.64
1034,     RT472,1.4 AC & DWLS,472 ROUTE 2,398600,1.4
1035,     MS025,10.3 AC & DWL,25 MINISTRY LN,619800,10.3
1036,     HD031,0.34 AC (80' LF) & COTTAGE,31 HERITAGE DR,334700,0.34
1037,     DL017,3.04 AC & DWL,17 DUBUQUE LN,352200,3.04
1038,     PC018,0.19 E/PM - MALLARD,18 PERCH CIRCLE,68200,0.0
1039,     HH030,1.11 AC & DWL,30 HAYCORN HOLLOW RD,433100,1.11
1040,     CH008,1.07 AC (230' LF& ST H-N) & DWL,8 CHASE LANE,752500,1.07
1041,     WS190,20.56 AC & WINERY,190 WEST SHORE RD,729900,20.56
1042,     MR025,2.0 AC & DWL,25 MARTIN RD,234300,2.0
1043,     WS583,1.3 AC (100' LF) & DWL,583 WEST SHORE RD,577700,1.3
1044,     WS144,0.55 AC (200' LF) & DWL,144  WEST SHORE RD,623600,0.55
1045,     LV110,10.02 AC & DWL,110 LAKEVIEW RD,281600,10.02
1046,     HE037,0.68 AC (100' LF),37 HERON RIDGE,528100,0.68
1047,     WS451,1.78 AC (160' LF) & DWL,451 WEST SHORE RD,588600,1.78
1048,     WS454,1.58 AC & BRN,454 WEST SHORE RD,74000,1.58
1049,     PK007,0.15 E/PM - CHARIOT EAGLE,7 PIKE CIRCLE,83900,0.0
1050,     TR004,0.30 AC & DWL,4 TRACY RD,166900,0.3
1051,     CM106,COMMERCIAL CONDO,,110900,0.0
1052,     SS019,1.5 AC & DWL,19 SOUTH ST,234700,1.5
1053,     SK012,TC- PUMA,,16300,0.0
1054,     RT328,COML & APT,328 ROUTE 2,520900,0.7
1055,     WS146,0.28 AC (100'LF) & DWL,146 WEST SHORE RD,572600,0.28
1056,     RT270,0.79 AC & DWL,270 ROUTE 2,201000,0.79
1057,     ES103,10.18 AC & COTTAGE,103 EAST SHORE RD,234600,10.18
1058,     MT015,0.17 AC (60' LF) & COTTAGE,15 MOTT LN,240400,0.17
1059,     WS595,1.1 AC (100' LF) & DWL,595 WEST SHORE RD,516800,1.1
1060,     RT334,0.72 AC & PHARMACY,334 ROUTE 2,611100,0.72
1061,     JC003,5TH JAYCO NORTH POINT,,41000,0.0
1062,     EM014,PM - CHARIOT EAGLE,14 EMPIRE CIRCLE,10900,0.0
1063,     IC044,0.10 E/PM - SKYLARK,44 ISLAND CIRCLE,64300,0.0
1064,     LE022,0.43 AC (95' LF) & DWL,22 LANDS END WAY,558500,0.43
1065,     FL093,1.40 AC & DWL,93 FEATHERBED LN,263700,1.4
1066,     FL085,18.99 AC & DWL,,418100,18.99
1067,     LD041,0.12 AC (80' LF) & COTTAGE,41 LAKE DR,251300,0.12
1068,     OF015,10.77 AC,15 OLD FARM RD,113200,10.77
1069,     OF009,20.43 AC & DWL,9 OLD FARM RD,418200,20.43
1070,     SS087,35.0 AC & DWL,87 SOUTH ST,441900,35.0
1071,     SS323,10.5 AC & DWL,323 SOUTH ST,394900,10.5
1072,     FR069,10.01 AC & MH,69 FERRY RD,154600,10.01
1073,     KB005,1.09 AC DWL & APT,5 KEELER'S BAY RD,488400,1.09
1074,     SR005,25.39 AC & DWL,5 STATION RD,292200,25.39
1075,     SS381,"0.72 AC (ST ""P"") & DWL",381 SOUTH ST,346400,0.72
1076,     FL046,1.3 AC (200' LF) & DWL,46 FEATHERBED LN,750200,1.3
1077,     CS008,0.08 AC,8 CEDAR ST,4000,0.08
1078,     CS012,0.13 AC & COTTAGE,12 CEDAR ST,87900,0.13
1079,     TR033,0.95 AC & DWL,33 TRACY RD,159100,0.95
1080,     WS317,1.1 AC (160' LF) & DWL,317 WEST SHORE RD,596100,1.1
1081,     SS006,0.15 AC & COML BLDG,6 SOUTH ST,177400,0.15
1082,     SS169,102.24 AC & BLDGS,169 SOUTH STREET,667500,102.24
1083,     TR025,92.0 AC DWL  & FRM BLDGS,25 TRACY RD,675900,92.0
1084,     RT272,3.21 AC & DWL,272 ROUTE 2,282100,3.21
1085,     DH029,74.82 AC & DWL,29 DAVIS HILL RD,993400,74.82
1086,     IW030,0.37 AC (135' LF) & COTTAGE,30 IDLEWILD RD,401800,0.37
1087,     SV065,10.97 AC & DWL,65 SUNSET VIEW RD,337500,10.97
1088,     MR063,0.22 AC (35' LF) & DWL,63 MARTIN ROAD,520500,0.22
1089,     SW023,10.1 AC (307'LF) & DWL,23 SWEENEY FARM RD,628900,10.1
1090,     EA022,PM KROPF,22 EAGLE LN,13800,0.0
1091,     WS461,2.1 AC (208' LF) & COTTAGES,461 WEST SHORE RD,577000,2.1
1092,     KF067,0.23 AC (46' LF) & COTTAGE,67 KIBBE FARM RD,245200,0.23
1093,     SS245,10.2 AC & DWL,245 SOUTH ST,462500,10.2
1094,     JC017,CHARIOT EAGLE,17 JONATHAN CIRCLE,8400,0.0
1095,     CL033,0.62 AC (100' LF) & DWL,33 CARTER LN,456400,0.62
1096,     RT358,1.0 AC & MH,358 ROUTE 2,182900,1.0
1097,     NR053,2.5 AC (560' LF) & COTTAGE,53 NARROWS RD,691500,2.5
1098,     WS140,0.25 AC (100' LF) & DWL,140 WEST SHORE RD,301000,0.25
1099,     IC031,0.10 E/PM - MALLARD,31 ISLAND CIRCLE,80900,0.0
1100,     HR008,0.75 AC & DWL,8 HILL RD,290100,0.75
1101,     KF077,0.39 AC (148' LF) & COTTAGE,77 KIBBE FARM RD,384600,0.39
1102,     HO038,61.0 AC (990'LF) & DWL,38 HOCHELAGA RD,1218500,61.0
1103,     PC028,PM - FRANKLIN,28 PERCH CIRCLE,7000,0.0
1104,     LD033,1.07 AC (337' LF) & DWL,33 LAKE DR,651800,1.07
1105,     SB017,0.24 AC (50' LF) & COTTAGE,17 SUNSET BEACH RD,284200,0.24
1106,     SB021,0.81 AC (150' LF) & DWL,21 SUNSET BEACH RD,680800,0.81
1107,     TR037,13.0 AC,37 TRACY RD,139700,13.0
1108,     SS134,1.37 AC & DWL,134 SOUTH ST,406600,1.37
1109,     GL037,0.61 AC (85' LF) & COTTAGE,37 GIFFORD LN,351200,0.61
1110,     RT483,0.49 AC & DWL,483 ROUTE 2,203400,0.49
1111,     SS051,8.6 AC & DWL,51 SOUTH ST,438200,8.6
1112,     SR135,19.04 AC & DWL,135 STATION RD,360300,19.04
1113,     SS066,1.3 AC & DWL,66 SOUTH ST,340900,1.3
1114,     WR010,37.61 AC (120' LF) & DWLS,10 WINDRIDGE RD,948500,39.61
1115,     WR004,1.48 AC & MH,4 WINDRIDGE RD,135700,1.48
1116,     HU008,KROPH,8 HURON LN,28600,0.0
1117,     TD016,9.72 AC & DWL,16 TOURVILLE DR,247000,9.72
1118,     WS214,2.32 AC & DW,214  WEST SHORE RD,181900,2.32
1119,     ES079,0.96 AC & DWL,79 EAST SHORE RD,203500,0.96
1120,     LV044,1.0 AC & MH,44 LAKEVIEW  RD,138800,1.0
1121,     RT329,.31 AC & RESCUE BLDG,,146500,0.31
1122,     TR049,41.82 AC & DWL,49 TRACY RD,274100,41.82
1123,     HH028,1.04 AC & DWL,28 HAYCORN HOLLOW RD,435700,1.04
1124,     KP104,5.14 AC & DWL,104 KIBBE POINT RD,367700,5.14
1125,     KP088,5.71 AC & DWL,88 KIBBE POINT RD,353700,5.71
1126,     CW033,2.93 AC (186' LF) & DWL,33 COLODNY WAY,1666600,2.93
1127,     SS028,3.36 AC & DWL,28 SOUTH STREET,296600,3.36
1128,     CD030,0.46 AC (100' LF) & COTTAGE,30 CARDINAL LN,287900,0.46
1129,     WR050,16.62 AC (765' LF) & DWLS,50 WINDRIDGE RD,1348700,16.62
1130,     IW039,0.43 AC (125' LF) & COTTAGES,39 IDLEWILD RD,414200,0.43
1131,     EA005,PM - KROPF,5 EAGLE LN,19400,0.0
1132,     HL020,1.92 AC (200' LF) & DWL,20 HALL RD,935900,1.92
1133,     WS267,6.0 AC (100' LF),,378900,6.0
1134,     PI018,5.12 AC  (490' LF),18 PROVIDENCE ISLAND,143100,5.12
1135,     SK002,TC - LITE GRAVITY SERIES  BY KEYSTON,2 SKYLAND CG,21300,0.0
1136,     SS394,0.45 AC (100' LF) & DWL,394 SOUTH ST,495200,0.45
1137,     KF075,0.17 AC (58' LF) & COTTAGE,75 KIBBE FARM RD,221500,0.17
1138,     HR043,1.38 AC & DWL,43 HILL RD,516200,1.38
1139,     HO013,1.80 AC & DWL,13 HOCHELAGA RD,220700,1.8
1140,     CB017,0.21 AC (130' LF) & COTTAGE,17 CRESCENT BAY RD,331600,0.21
1141,     LV082,2.98 AC & DWL,82 LAKEVIEW RD,457500,2.98
1142,     ES073,1AC & DWMH,73 EAST SHORE RD,178600,1.0
1143,     MS011,10.1 AC & DWL,11 MINISTRY LN,534100,10.1
1144,     WS237,11.5 AC (618' LF) & DWL,237 WEST SHORE RD,1182700,11.5
1145,     AP011,"1.5 AC (ST ""C"") & DWL",11 ALLEN POINT RD,379300,1.5
1146,     WP070,0.34 AC (150' LF) & DWL,70 WALLY'S POINT RD,426800,0.34
1147,     WS315,5.1 AC (86' LF) & DWL,315 WEST SHORE RD,709900,5.1
1148,     CW039,0.84 AC (101' LF) & COTTAGE,39 COLODNY WAY,443900,0.84
1149,     SS054,18.0 AC & DWL,54 SOUTH ST,346500,18.0
1150,     LR031,2.5 AC & DWL,31 LANDON RD,296300,2.5
1151,     IR033,5.6 AC,33 INSELHEIM RD,177000,5.6
1152,     IR032,1.3 AC (230' LF) & DWL,32 INSELHEIM RD,651300,1.3
1153,     KL031,0.46 AC (100' LF) & DWL,31 KEELER LANE,300100,0.46
1154,     FI001,11.6 AC ISLANDS,FISHBLADDER ISLAND,1178800,10.1
1155,     KL029,2.79 AC (152' LF) & BARN,29 KEELER LANE,763200,2.79
1156,     EC021,1.5 AC,,110400,1.5
1157,     EC021,UTILITY LINES,,4971500,1.5
1158,     EC019,2.2 AC,,115100,2.2
1159,     EC019,UTILITY LINES,,7985500,2.2
1160,     SV079,2 AC & DWL,,225300,2.0
1161,     RT308,0.37 AC & DWL,308 ROUTE 2,246400,0.37
1162,     RT509,1.1 AC & DWL,509 ROUTE 2,210500,1.1
1163,     MB004,1.11 AC (185' LF) MH & COTTAGE,4 MCBRIDE LN,455500,1.11
1164,     FR050,9.94 AC & BOAT SHOP,,286500,9.94
1165,     IS020,2.6 AC MH & COTTAGE,20 IODINE SPRINGS ST,190800,2.6
1166,     FR060,9.98 AC DWL,60 FERRY RD,329100,9.98
1167,     DW007,PM - CHARIOT EAGLE,7 DRIFTWOOD LN,12200,0.0
1168,     WS559,1.5 AC (90' LF) & DWL,559 WEST SHORE RD,696700,1.5
1169,     MS017,10.1 AC & DWL,17 MINISTRY LANE,484200,10.1
1170,     DH022,18.0 AC & DWL,22 DAVIS HILL RD,463700,18.0
1171,     HG110,2.3 AC (130' LF)  DWL & COTTAGE,487 WEST SHORE RD,1536500,2.3
1172,     ML012,4.17 AC & DWL,12 MAPLE RIDGE LN,305600,4.17
1173,     CM054,COMMERCIAL CONDO,54 COMMUNITY LANE,479400,0.0
1174,     IC012,0.13 E/PM - CASAVILLA,12 ISLAND CIRCLE,77800,0.0
1175,     RT154,47.32 AC (424' LF) & DWL,154 ROUTE 2,2563800,47.32
1176,     SS224,0.36 AC & DWL,224 SOUTH ST,256000,0.36
1177,     SS226,0.49 AC & DWL,226 SOUTH ST,265800,0.49
1178,     WS252,5.0 AC & DWL,252 WEST SHORE RD,275000,5.0
1179,     SS009,0.46 AC & DWL,9 SOUTH ST,236100,0.46
1180,     RM016,9.0 AC (772' LF) & DWL,16 REMPLE RD,1619400,9.0
1181,     TD012,1.72 AC & DWL,12 TOURVILLE DRIVE,318700,1.72
1182,     KN047,1.38 AC & DWL,,357000,1.38
1183,     HH029,1.01 ACRE & DWL,,338500,1.01
1184,     SS010,0.72 AC & DWL,10 SOUTH ST,229600,0.72
1185,     SS032,8.42 AC & DWL,32 SOUTH ST,327800,8.42
1186,     RD052,0.29 AC (100' LF) & COTTAGE,52 RICHARDS RD,342900,0.29
1187,     IS021,0.91 AC & DWL,21 IODINE SPRINGS ST,186800,0.91
1188,     SV045,23.7 AC & DWL & APT,45 SUNSET VIEW RD,414800,23.7
1189,     LR174,1.56 AC & DWL,174 LANDON RD,277900,1.56
1190,     WS263,4.0 AC (1100' LF) & COTTAGE,263 WEST SHORE RD,840200,4.0
1191,     FL117,6.09 AC (321' LF) DWL & COTTAGES,117 FEATHERBED LN,890200,6.09
1192,     SR054,1.1 AC & DWL,54 STATION RD,372300,1.1
1193,     PK024,BRECKENRIDGE,24 PIKE CIRCLE,11800,0.0
1194,     HR016,2.98 AC & DWL,16 HILL RD,321200,2.98
1195,     IW041,0.43 AC (96' LF) & COTTAGE,41 IDLEWILD RD,338400,0.43
1196,     MP014,2.60 AC (100'LF) & DWL,14 MELCHER PLACE,936300,2.6
1197,     HE046,0.51 AC & DWL,46 HERON RIDGE,237300,0.51
1198,     PL040,1.55 AC & DWL,40 PHELPS LN,393300,1.55
1199,     FL054,10.3 AC (216' LF) & DWL,54 FEATHERBED LN,911900,10.3
1200,     RT639,22.0 AC & DWL,639 ROUTE 2,443600,22.0
1201,     SS345,5.68 AC & DWL,345 SOUTH ST,238400,5.68
1202,     RT510,2.2 AC (305' LF) & DWL,510 ROUTE 2,521300,2.2
1203,     GU003,TT REDNOOK 5W,,29200,0.0
1204,     WS422,10.1 AC & DWL,422 WEST SHORE RD,260600,10.1
1205,     BL039,30.95 AC (478' LF) & COTTAGE,39 BUERMANN LN,685200,30.95
1206,     HR021,1.22 AC & DWL,21 HILL RD,407000,1.22
1207,     WH044,2.4 AC & DWL,44 WHIPPLE RD,333000,2.4
1208,     WS475,5.28 AC (330' LF) & DWL,475 WEST SHORE RD,828000,5.28
1209,     PS009,0.13 AC (80' LF) & COTTAGE,9 PINE ST,317400,0.13
1210,     CW049,0.80 AC (85' LF) & COTTAGE,49 COLODNY WAY,523500,0.8
1211,     GL053,LCE #1 - 1.52 AC (174' LF) DWL & COTTAGE,53 GIFFORD LN,906100,1.52
1212,     GU010,PM - BRITTNEY PARK,10 GULL LN,7000,0.0
1213,     WS353,6.97 AC (567' LF); LOTS,353 WEST SHORE RD,460600,6.97
1214,     SS124,1.37 AC & DWL,124 SOUTH ST,317300,1.37
1215,     HR001,0.53 AC & DWL,1 HILL RD,224300,0.53
1216,     MT011,1.2 AC (276' LF) & DWL & COTTAGE,11 MOTT LN,669000,1.2
1217,     IC018,0.16 E/PM - CHARIOT EAGLE,18 ISLAND CIRCLE,83600,0.0
1218,     RT559,10.1 AC,559 ROUTE 2,124700,10.1
1219,     RT288,0.62 AC & COM BLDG,288 ROUTE 2,168700,0.62
1220,     FR002,2.4 AC & COML BLDG,2 FERRY RD,272700,2.4
1221,     SD012,0.36 AC (55' LF) & COTTAGE,12 SUNRISE DR,259100,0.36
1222,     SD015,0.96 AC & DW,15 SUNRISE DR,145900,0.96
1223,     CT021,2.97 AC & DWL,21 CONTENTMENT LN,281500,2.97
1224,     WS423,0.77 AC (125' LF) & COTTAGE,423 WEST SHORE RD,402400,0.77
1225,     WS415,0.07 AC (80' LF),415 WEST SHORE RD,37300,0.07
1226,     LE020,0.43 AC (105' LF) & DWL,20 LANDS END WAY,642400,0.43
1227,     HR054,1.25 AC (298' LF) & DWL,54 HILL RD,532800,1.25
1228,     AP015,0.89 AC (150' LF) & DWL,15 ALLEN POINT RD,644300,0.89
1229,     RS010,0.43 AC & DWL,10 RAILROAD ST,159800,0.43
1230,     CB037,1.0 AC (279' LF) & COTTAGE,37 CRESCENT BAY RD,608600,1.0
1231,     SD010,0.36 AC (100' LF) & COTTAGE,10 SUNRISE DR,302700,0.36
1232,     MR017,1.10 AC & DWL,,370400,1.1
1233,     OF011,1.64 AC & DWL,11 OLD FARM RD,370100,1.64
1234,     HR029,1.2 AC & DWL,29 HILL RD,438800,1.2
1235,     RT284,10.57 AC (458' LF) & DWL,284 ROUTE 2,917300,10.57
1236,     ES057,21.03 AC & DWL,57 EAST SHORE RD,604600,21.03
1237,     CD020,0.59 AC (90' LF) & DWL,20 CARDINAL LN,353400,0.59
